GROUP accessories/bluetooth-adapter.json: 53 images
  1/53 OK baseus-ba03-immersive-virtual-3d-bluetooth-audio-receiver
  2/53 OK audio-adapter-transmitter-for-ps4-ps5-pc
  3/53 OK baseus-ba07-5-3-bluetooth-receiver-adapter
  4/53 OK baseus-ba04-bluetooth-receiver-adapter
  5/53 OK baseus-encok-ba04-plus-bluetooth-adapter
  6/53 OK baseus-qiyin-aux-car-bluetooth-receiver
  7/53 OK bt-450-bluetooth-audio-receiver
  8/53 OK hoco-ua18-usb-adapter
  9/53 OK hoco-ua28-bluetooth-5-1-usb-adapter
  10/53 OK hoco-ua42-bluetooth-adapter
  11/53 OK microware-bt-801-bluetooth-music-receiver-adapter
  12/53 OK onten-otn-bt105-bluetooth-audio-receiver
  13/53 OK onten-otn-bt106-bluetooth-audio-adapter
  14/53 OK orico-bta-403-bluetooth-usb-adapter
  15/53 OK orico-bta-408-bk-adapter
  16/53 OK orico-bta-409-usb-bluetooth-adapter
  17/53 OK orico-bta-508-usb-bluetooth-adapter
  18/53 OK orico-bta-53-bluetooth-adapter
  19/53 OK orico-bta-608-usb-bluetooth-adapter
  20/53 OK tp-link-ha100-bluetooth-music-receiver
  21/53 OK tp-link-ub400-adapter
  22/53 OK tp-link-ub500-bluetooth-nano-usb-adapter
  23/53 OK tp-link-ub500-plus-bluetooth-usb-adapter
  24/53 OK trendnet-tbw-107ub-micro-bluetooth-usb-adapter
  25/53 OK trendnet-tbw-110ub-bluetooth-adapter
  26/53 OK ugreen-bluetooth-receiver-audio-adapter
  27/53 OK ugreen-bt301-bluetooth-adapter
  28/53 OK ugreen-bt509-bluetooth-receiver-audio-adapter
  29/53 OK ugreen-cm106-wireless-bluetooth-audio-receiver
  30/53 OK ugreen-cm123-audio-receiver-with-adapter-with-srrc
  31/53 OK ugreen-cm123-wireless-bluetooth-audio-receiver
  32/53 OK ugreen-cm276-bluetooth-audio-receiver
  33/53 OK ugreen-cm279-3-5-mm-bluetooth-audio-receiver
  34/53 OK ugreen-cm390-usb-bluetooth-5-adapter
  35/53 OK ugreen-cm390-usb-bluetooth-adapter
  36/53 OK ugreen-cm403-bluetooth-receiver-transmitter
  37/53 OK ugreen-cm408-usb-bluetooth-adapter
  38/53 OK ugreen-cm591-bluetooth-adapter
  39/53 OK ugreen-cm591-usb-bluetooth-adapter
  40/53 OK ugreen-cm748-bluetooth-adapter
  41/53 OK ugreen-cm748-blutooth-6-adapter
  42/53 OK ugreen-cm748-usb-bluetooth-adapter
  43/53 OK ugreen-cm872-bluetooth-audio-receiver
  44/53 OK ugreen-usb-bluetooth-4-adapter
  45/53 OK ugreen-usb-bluetooth-adapter
  46/53 OK vention-cddb0-usb-bluetooth-adapter
  47/53 OK vention-cdsb0-usb-bluetooth-adapter
  48/53 OK vention-nafb0-usb-bluetooth-adapter
  49/53 OK vention-nahb0-usb-bluetooth-adapter
  50/53 OK xiaomi-ypjsq01jy-bluetooth-audio-receiver
  51/53 OK xtreme-wu350-300mbps-wifi-usb-adapter
  52/53 OK xtreme-wu650bt-bluetooth-adapter
  53/53 OK yuanxin-yly-021-usb-bluetooth-adapter
COMPLETED accessories/bluetooth-adapter.json: 53 products, 0 unmatched
GROUP accessories/bluetooth-headphone.json: 7 images
  1/7 OK honor-choice-headphone
  2/7 OK honor-choice-pro-headphone
  3/7 OK honor-choice-vz-sport-mate-headphones-lite
  4/7 OK honor-choice-vz-sport-mate-headphones-pro
  5/7 OK microlab-outlander-300-bluetooth-headphone
  6/7 OK xtrike-me-hd-214-bluetooth-headset
  7/7 OK xtrike-me-hd-215-bluetooth-headset
COMPLETED accessories/bluetooth-headphone.json: 7 products, 0 unmatched
GROUP accessories/bluetooth-speaker.json: 442 images
  1/442 OK acefast-k12-air-rgb-portable-bluetooth-speaker
  2/442 OK acefast-k12-pro-rgb-portable-bluetooth-speaker
  3/442 OK acefast-k3-max-portable-bluetooth-speaker
  4/442 OK anker-soundcore-boom-3i-portable-bluetooth-speaker
  5/442 OK anker-soundcore-boom-go-3i-portable-bluetooth-speaker
  6/442 OK anker-soundcore-glow-mini-portable-bluetooth-speaker
  7/442 OK anker-soundcore-flare-2-portable-bluetooth-speaker
  8/442 OK anker-soundcore-motion-100-portable-bluetooth-speaker
  9/442 OK anker-soundcore-motion-30w-bluetooth-party-speaker
  10/442 OK anker-soundcore-pyro-mini-portable-bluetooth-speaker
  11/442 OK anker-soundcore-rave-partycast-bluetooth-speaker
  12/442 OK anker-soundcore-rave-3s-200w-ai-karaoke-bluetooth-party-speaker-with-2-mic
  13/442 OK anker-soundcore-select-3-portable-bluetooth-speaker
  14/442 OK anker-soundcore-select-4-go-portable-bluetooth-speaker
  15/442 OK aula-bs302-360-surround-sound-portable-bluetooth-speaker
  16/442 OK baseus-aequr-v2-wireless-bluetooth-speaker
  17/442 OK aula-n-169b-360-surround-sound-bluetooth-speaker
  18/442 OK baseus-q-e06-chinese-zodiac-dog-wireless-speaker
  19/442 OK bwoo-bo-bs86-portable-bluetooth-speaker
  20/442 OK bwoo-bo-bs88-portable-bluetooth-speaker
  21/442 OK bwoo-bo-bs91-portable-bluetooth-speaker
  22/442 OK bwoo-bo-bs93-portable-bluetooth-speaker
  23/442 OK bwoo-bo-bs96-portable-bluetooth-speaker
  24/442 OK earfun-uboom-l-portable-bluetooth-speaker
  25/442 OK bwoo-bo-bs97-portable-bluetooth-speaker
  26/442 OK edifier-a3-8i-portable-bluetooth-trolley-speaker
  27/442 MISS edifier-b700-5-1-2-channel-soundbar-with-wireless-subwoofer
  28/442 OK edifier-a3-8s-portable-bluetooth-trolley-speaker
  29/442 MISS edifier-d12-2-1-stereo-tabletop-bluetooth-speaker-brown
  30/442 OK edifier-d32-portable-bluetooth-speaker
  31/442 OK edifier-e235-luna-e-bluetooth-touch-control-speaker
  32/442 OK edifier-e25hd-bookshelf-bluetooth-speaker-luna-eclipse
  33/442 OK edifier-es300-portable-bluetooth-speaker
  34/442 OK edifier-es60-portable-bluetooth-speaker
  35/442 OK edifier-g1500-2-0-bluetooth-gaming-speaker
  36/442 OK edifier-g2000bt-bluetooth-speaker
  37/442 OK edifier-g200-magnetic-bluetooth-speaker
  38/442 OK edifier-m201bt-multimedia-2-1-bluetooth-speaker
  39/442 OK edifier-m203bt-2-1-bluetooth-multimedia-speaker
  40/442 OK edifier-m206bt-2-1-multimedia-bluetooth-speaker
  41/442 MISS edifier-m601db-2-1-bluetooth-multimedia-speaker
  42/442 OK edifier-m60-portable-bluetooth-speaker
  43/442 OK edifier-mp100-plus-portable-bluetooth-speaker
  44/442 OK edifier-mp200-bluetooth-speaker
  45/442 OK edifier-mp120-entry-level-portable-bluetooth-speaker
  46/442 OK edifier-mp230-portable-bluetooth-speaker
  47/442 OK edifier-mp260-portable-bluetooth-speaker-with-alarm-clock
  48/442 OK edifier-mp380-multi-functional-portable-bluetooth-speaker
  49/442 OK edifier-mp85-portable-bluetooth-speaker
  50/442 OK edifier-ms50a-wireless-and-bluetooth-smart-speaker-with-multi-room-and-alexa
  51/442 OK edifier-pk305-portable-multimedia-bluetooth-speaker
  52/442 OK edifier-r1010bt-bookshelf-bluetooth-speaker
  53/442 OK edifier-r1080bt-bookshelf-bluetooth-speaker
  54/442 OK edifier-r1280db-black-bluetooth-bookshelf-speaker
  55/442 OK edifier-r1280dbs-bluetooth-bookshelf-speaker
  56/442 OK edifier-r1700bt-bluetooth-bookshelf-speaker
  57/442 OK edifier-r1700bts-bluetooth-bookshelf-speaker
  58/442 OK edifier-r1855db-bookshelf-speakers
  59/442 OK edifier-r1850db-bluetooth-bookshelf-speaker
  60/442 OK edifier-r2000db-versatile-bluetooth-bookshelf-speaker
  61/442 MISS edifier-r2750db-active-2-0-tri-amp-bluetooth-bookshelf-speaker
  62/442 OK edifier-r2850db-bluetooth-bookshelf-speaker
  63/442 OK edifier-r990bt-bluetooth-bookshelf-speaker
  64/442 MISS edifier-s1000mkii-2-0-hi-res-bluetooth-speaker
  65/442 MISS edifier-s2000mkiii-2-0-hi-res-bluetooth-speaker
  66/442 OK edifier-s3000pro-bookshelf-bluetooth-speaker
  67/442 OK edifier-spinnaker-e30-bluetooth-bookshelf-speaker
  68/442 OK edifier-xm2bt-multimedia-bluetooth-speaker
  69/442 MISS f-and-d-a521x-2-1-channel-multimedia-bluetooth-speakers
  70/442 OK f-and-d-f190x-bluetooth-2-1-multimedia-speaker
  71/442 MISS f-and-d-f210x-2-1-multimedia-bluetooth-speaker
  72/442 OK f-and-d-f380-x-2-1-channel-multimedia-bluetooth-speakers
  73/442 MISS f-and-d-f5060x-5-1-channel-bluetooth-multimedia-speaker
  74/442 MISS f-and-d-f550x-2-1-bluetooth-speaker
  75/442 OK f-and-d-f590x-2-1-bluetooth-multimedia-speaker
  76/442 MISS f-and-d-f6000x-5-1-bluetooth-home-theater-speaker
  77/442 OK f-and-d-f7700x-4-1-multimedia-speaker
  78/442 OK f-and-d-f670x-2-1-bluetooth-multimedia-speaker
  79/442 OK f-and-d-pa100-bluetooth-party-speaker
  80/442 OK f-and-d-f770x-2-1-multimedia-bluetooth-speaker
  81/442 OK f-and-d-pa200-bluetooth-party-speaker
  82/442 OK f-and-d-pa924-bluetooth-party-speaker-with-mic
  83/442 OK f-and-d-pa300-bluetooth-party-speaker-with-mic
  84/442 OK f-and-d-pa926-bluetooth-party-speaker-with-mic
  85/442 OK f-and-d-r60bt-bluetooth-bookshelf-speaker
  86/442 OK f-and-d-r27bt-multimedia-bluetooth-speaker
  87/442 OK f-and-d-t-200x-2-1-bluetooth-soundbar
  88/442 OK f-and-d-t-300x-2-1-bluetooth-tv-soundbar
  89/442 OK f-and-d-t-60x-pro-2-0-bluetooth-tower-home-theater-speaker
  90/442 OK f-and-d-t-70x-bluetooth-tower-speaker
  91/442 OK f-and-d-t-68x-2-0-bluetooth-tower-home-theater-speaker
  92/442 OK f-and-d-t2-trolley-wireless-portable-bluetooth-speaker
  93/442 OK f-and-d-w15-portable-bluetooth-speaker
  94/442 OK f-and-d-t35x-80-w-bluetooth-tower-speaker
  95/442 OK f-and-d-w17-portable-bluetooth-speaker
  96/442 OK f-and-d-w24-portable-bluetooth-speaker
  97/442 OK f-and-d-w26-portable-bluetooth-speaker
  98/442 MISS f-and-d-w40-portable-bluetooth-speaker
  99/442 OK f-and-d-w4-wireless-portable-bluetooth-speaker
  100/442 OK f-and-d-w8-portable-bluetooth-speaker
  101/442 MISS f-and-d-w7-portable-bluetooth-speaker
  102/442 OK fantech-bs164-nerabox-portable-bluetooth-speaker
  103/442 OK fantech-finecoustic-fbs1-hoko-nomad-portable-bluetooth-speaker
  104/442 OK fantech-finecoustic-fbs2-portable-bluetooth-speaker
  105/442 OK fantech-gs201-hellscream-usb-wired-mini-subwoofer-speaker
  106/442 OK fantech-gs204-rumble-rgb-dual-mode-gaming-speaker
  107/442 OK fantech-gs301-trifecta-rgb-bluetooth-gaming-speaker
  108/442 OK fantech-gs302-alegro-rgb-bluetooth-gaming-speaker
  109/442 OK fantech-gs733-gaming-speaker
  110/442 OK fantech-nerabox-bs152-portable-bluetooth-speaker
  111/442 OK fantech-nerabox-bs153-portable-bluetooth-speaker
  112/442 OK fantech-nerabox-bs154-portable-bluetooth-speaker
  113/442 OK fantech-nerabox-bs155-portable-bluetooth-speaker
  114/442 OK fantech-nerabox-bs157-portable-bluetooth-speaker
  115/442 OK fantech-nerabox-bs158-portable-bluetooth-speaker
  116/442 OK fantech-nerabox-bs159-portable-bluetooth-speaker
  117/442 OK fantech-nerabox-bs161-portable-bluetooth-speaker
  118/442 OK fantech-neraparty-np01-rgb-portable-bluetooth-party-speaker-with-microphone
  119/442 OK fantech-neraparty-np02-700w-bluetooth-party-speaker-with-microphone
  120/442 OK fantech-neraparty-np03-rgb-portable-bluetooth-party-speaker-with-microphone
  121/442 OK foneng-m1-portable-bluetooth-speaker
  122/442 OK foneng-m2-portable-bluetooth-speaker
  123/442 OK foneng-m3-portable-bluetooth-speaker
  124/442 OK harman-kardon-onyx-studio-9-bluetooth-speaker
  125/442 OK havit-hakii-boulder-clip-on-wearable-bluetooth-speaker
  126/442 OK havit-hv-m3-portable-alarm-clock-bluetooth-speaker
  127/442 OK havit-m69-strong-bass-wireless-speaker
  128/442 OK havit-sf114bt-2-1-multi-function-bluetooth-speaker
  129/442 OK havit-sf123bt-2-1-multi-function-bluetooth-speaker
  130/442 OK havit-sf154bt-2-1-multi-function-bluetooth-speaker
  131/442 OK havit-sk755bt-bluetooth-speaker
  132/442 OK havit-sk738bt-portable-bluetooth-speaker
  133/442 OK havit-sk772bt-portable-bluetooth-speaker
  134/442 OK havit-sk808bt-rgb-bluetooth-speaker
  135/442 OK havit-sk800bt-portable-bluetooth-speaker
  136/442 OK havit-sk816bt-waterproof-portable-bluetooth-speaker
  137/442 OK havit-sk818bt-mini-portable-karaoke-bluetooth-microphone-wireless-rgb-speaker
  138/442 OK havit-sk819bt-mini-portable-karaoke-bluetooth-microphone-wireless-speaker
  139/442 OK havit-sk821bt-rgb-outdoor-waterproof-portable-bluetooth-speaker
  140/442 OK havit-sk829bt-rgb-bluetooth-speaker
  141/442 OK havit-sk830bt-bluetooth-speaker
  142/442 OK havit-sk832bt-rgb-waterproof-bluetooth-speaker
  143/442 OK havit-sk838bt-portable-bluetooth-speaker
  144/442 OK havit-sk874bt-portable-bluetooth-speaker
  145/442 OK havit-sk885bt-rgb-waterproof-portable-bluetooth-speaker
  146/442 OK havit-sk835bt-fabric-portable-bluetooth-speaker
  147/442 OK havit-sk889bt-multi-color-ambient-light-bluetooth-speaker
  148/442 OK havit-sk907bt-portable-bluetooth-speaker
  149/442 OK havit-sk905bt-classic-wireless-bluetooth-speaker
  150/442 OK havit-sk918bt-strong-bass-wireless-speaker
  151/442 OK havit-sq116bt-bluetooth-portable-trolley-speaker-with-microphone
  152/442 OK havit-sq128bt-rgb-bluetooth-speaker
  153/442 OK havit-sq131bt-multi-function-gradient-outdoor-bluetooth-speaker-with-mic
  154/442 OK hifuture-alpha-portable-bluetooth-speaker
  155/442 OK havit-sq143bt-outdoor-portable-wireless-speaker-with-dual-microphone
  156/442 OK hifuture-altus-portable-bluetooth-speaker
  157/442 OK hifuture-ascendo-20w-portable-bluetooth-speaker
  158/442 OK hifuture-event-horizon-100w-portable-karaoke-party-speaker
  159/442 OK hifuture-event-smart-rgb-portable-bluetooth-speaker
  160/442 OK hifuture-gravity-portable-bluetooth-speaker
  161/442 OK hifuture-musicbox-100-wireless-bluetooth-speaker-with-dual-wireless-microphone
  162/442 OK hifuture-musicbox-100w-karaoke-speaker
  163/442 OK hifuture-musicbox-300-wireless-bluetooth-speaker-with-dual-wireless-microphone
  164/442 OK hifuture-pocket-s-mini-wearable-portable-bluetooth-speaker
  165/442 OK hifuture-ripple-waterproof-portable-bluetooth-speaker
  166/442 OK hifuture-soundpro-waterproof-portable-bluetooth-speaker
  167/442 OK hifuture-vocalist-200-wireless-rgb-bluetooth-speaker-with-dual-microphone
  168/442 OK hifuture-vocalist-300-wireless-rgb-bluetooth-speaker-with-dual-microphone
  169/442 OK hifuture-wedge-portable-bluetooth-speaker-with-stand
  170/442 OK hoco-bs40-sports-portable-bluetooth-speaker
  171/442 OK hoco-bs45-portable-true-wireless-speaker
  172/442 OK hoco-bs47-uno-bluetooth-wireless-speaker
  173/442 OK hoco-bs48-artistic-sports-wireless-waterproof-bluetooth-speaker
  174/442 OK hoco-bs60-portable-bluetooth-speaker
  175/442 OK hoco-ds63-bluetooth-speaker
  176/442 OK hoco-ds100-waterproof-portable-bluetooth-speaker
  177/442 OK hoco-ds67-superbass-pro-600w-portable-bluetooth-speaker
  178/442 OK hoco-ds68-rgb-portable-bluetooth-speaker-with-2-mic
  179/442 OK hoco-ha10-oleada-portable-bluetooth-speaker
  180/442 OK hoco-ha4-mini-bluetooth-speaker
  181/442 OK hoco-ha4-portable-bluetooth-speaker
  182/442 OK hoco-hc1-true-wireless-waterproof-bluetooth-speaker
  183/442 OK hoco-hc12-true-wireless-bluetooth-speaker
  184/442 OK hoco-hc10-true-wireless-waterproof-bluetooth-speaker
  185/442 OK hoco-hc16-true-wireless-bluetooth-speaker
  186/442 OK hoco-hc14-portable-bluetooth-speaker
  187/442 OK hoco-hc2-true-wireless-waterproof-bluetooth-speaker
  188/442 OK hoco-hc22-stereo-bluetooth-wireless-speaker
  189/442 OK hoco-hc27-wireless-bluetooth-speaker
  190/442 OK hoco-hc28-wireless-bluetooth-speaker
  191/442 OK hoco-hc29-wireless-bluetooth-speaker
  192/442 OK hoco-hc3-bounce-sports-wireless-waterproof-bluetooth-speaker
  193/442 OK hoco-hc40-mirror-lighting-effect-bluetooth-speaker
  194/442 OK hoco-hc4-true-wireless-waterproof-bluetooth-speaker
  195/442 OK hoco-hc5-cool-enjoy-portable-bluetooth-speaker
  196/442 OK hoco-hc50-advantage-rgb-portable-bluetooth-speaker
  197/442 OK hoco-hc6-magic-wireless-waterproof-bluetooth-speaker
  198/442 OK hoco-hc8-pulsating-colorful-luminous-portable-wireless-speaker
  199/442 OK hoco-hc9-dazzling-pulse-sports-wireless-waterproof-bluetooth-speaker
  200/442 OK hoco-mmj05-crystal-tws-portable-bluetooth-speaker
  201/442 OK honor-choice-portable-bluetooth-speaker-pro
  202/442 OK ikarao-xtreme-break-x1-all-in-one-karaoke-portable-bluetooth-speaker-with-built-in-13-inch-tablet-and-wireless-microphone
  203/442 OK ikarao-xtreme-break-x2-all-in-one-karaoke-portable-bluetooth-speaker-with-built-in-10-inch-tablet-and-wireless-microphone
  204/442 OK jbl-boombox-2-portable-bluetooth-speaker
  205/442 OK jbl-boombox-3-portable-bluetooth-speaker
  206/442 OK jbl-boombox-4-portable-bluetooth-speaker
  207/442 OK jbl-charge-5-portable-bluetooth-speaker
  208/442 OK jbl-charge-6-portable-bluetooth-speaker
  209/442 OK jbl-flip-6-portable-bluetooth-speaker
  210/442 OK jbl-clip-5
  211/442 OK jbl-flip-7-portable-bluetooth-speaker
  212/442 OK jbl-flip-essential-2
  213/442 OK jbl-go-3
  214/442 OK jbl-go-5
  215/442 OK jbl-go-4
  216/442 OK jbl-grip
  217/442 OK jbl-partybox-1000-powerful-bluetooth-party-speaker
  218/442 OK jbl-partybox-310-portable-bluetooth-party-speaker
  219/442 OK jbl-partybox-520-portable-bluetooth-speaker
  220/442 OK jbl-partybox-710-800w-powerful-bluetooth-party-speaker
  221/442 OK jbl-partybox-720-800w-bluetooth-party-speaker
  222/442 OK jbl-partybox-club-120-portable-bluetooth-speaker
  223/442 OK jbl-partybox-encore-2-100w-portable-bluetooth-speaker-with-dual-wireless-mic
  224/442 OK jbl-partybox-on-the-go-2-portable-party-speaker-with-mic
  225/442 OK jbl-partybox-stage-320-portable-wireless-bluetooth-party-speaker
  226/442 OK jbl-partybox-ultimate-1100w-bluetooth-party-speaker
  227/442 OK jbl-xtreme-4-portable-bluetooth-speaker
  228/442 OK jbl-xtreme-5
  229/442 OK jbl-xtreme-3
  230/442 OK jiayou-boombox-b20-portable-bluetooth-speaker
  231/442 OK jiayou-sonic-10-portable-bluetooth-speaker
  232/442 OK jiayou-sonic-5-portable-bluetooth-speaker
  233/442 OK jiayou-sonic-6-portable-bluetooth-speaker
  234/442 OK jiayou-sonic-7-portable-bluetooth-speaker
  235/442 OK jiayou-sonic-8-portable-bluetooth-speaker
  236/442 OK jiayou-sonic-9-portable-bluetooth-speaker
  237/442 OK joyroom-jr-mh01-3-in-1-bluetooth-speaker-with-phone-holder
  238/442 OK joyroom-jr-ml05-rgb-bluetooth-speaker
  239/442 OK joyroom-jr-ml03-transparent-rgb-bluetooth-wireless-speaker
  240/442 OK joyroom-jr-ms01-maya-series-rgb-bluetooth-speaker
  241/442 OK joyroom-jr-ms02-maya-series-rgb-bluetooth-speaker
  242/442 OK ldnio-bts12-bluetooth-wireless-speaker
  243/442 OK joyroom-jr-mw02-40w-waterproof-rgb-bluetooth-wireless-speaker
  244/442 OK lenovo-thinkplus-k3-mini-bluetooth-speaker
  245/442 OK lenovo-thinkplus-k3-plus-rgb-portable-bluetooth-speaker
  246/442 OK lenovo-thinkplus-k3-pro-mini-bluetooth-calling-speaker
  247/442 OK lenovo-thinkplus-k30-portable-bluetooth-speaker
  248/442 OK logitech-ultimate-ears-boom-3-portable-bluetooth-speaker
  249/442 OK logitech-ultimate-ears-wonderboom-portable-bluetooth-speaker
  250/442 OK marshall-acton-ii-bluetooth-speaker
  251/442 OK marshall-acton-iii-portable-bluetooth-speaker
  252/442 OK marshall-emberton-compact-portable-wireless-speaker
  253/442 OK marshall-emberton-ii-portable-wireless-speaker
  254/442 OK marshall-kilburn-ii-portable-bluetooth-speaker
  255/442 OK marshall-middleton-portable-bluetooth-speaker
  256/442 OK marshall-emberton-iii-portable-bluetooth-speaker
  257/442 OK marshall-stanmore-ii-bluetooth-speaker
  258/442 OK marshall-stanmore-iii-bluetooth-speaker
  259/442 OK marshall-stockwell-ii-portable-bluetooth-speaker
  260/442 OK marshall-tufton-ii-portable-bluetooth-speaker
  261/442 OK marshall-willen-portable-bluetooth-speaker
  262/442 OK marshall-woburn-ii-bluetooth-speaker
  263/442 OK marshall-woburn-iii-bluetooth-speaker
  264/442 OK microlab-b70bt-2-0-bluetooth-speaker
  265/442 OK microlab-b77bt-2-0-bluetooth-speaker
  266/442 MISS microlab-cooul118bt-2-1-multimedia-bluetooth-speaker
  267/442 OK microlab-bp12-portable-bluetooth-party-speaker
  268/442 MISS microlab-fc330bt-2-1-high-fidelity-multimedia-bluetooth-speaker
  269/442 MISS microlab-fc361bt-2-1-multimedia-bluetooth-speaker
  270/442 MISS microlab-fc570bt-2-1-multimedia-bluetooth-speaker
  271/442 MISS microlab-g100bt-2-1-rgb-multimedia-bluetooth-speaker
  272/442 MISS microlab-g101bt-2-1-multimedia-rgb-gaming-bluetooth-speaker
  273/442 MISS microlab-g102bt-2-1-multimedia-bluetooth-speaker
  274/442 MISS microlab-g200bt-2-1-rgb-multimedia-bluetooth-speaker
  275/442 OK microlab-ktv100-wireless-mini-karaoke-speaker
  276/442 OK microlab-ktv200pro-portable-karaoke-bluetooth-speaker
  277/442 OK microlab-m-106bt-2-1-bluetooth-speaker
  278/442 OK microlab-lighthouse-bluetooth-speaker
  279/442 MISS microlab-m-200-bt-2-1-multimedia-speaker
  280/442 MISS microlab-m-600bt-2-1-multimedia-bluetooth-speaker
  281/442 OK microlab-m105bt-bluetooth-2-1-speaker
  282/442 OK microlab-m108bt-bluetooth-2-1-speaker
  283/442 MISS microlab-m108u-bt-2-1-multimedia-bluetooth-speaker
  284/442 MISS microlab-m109bt-2-1-multimedia-bluetooth-speaker
  285/442 MISS microlab-m113bt-2-1-multimedia-bluetooth-speaker
  286/442 MISS microlab-m280bt-2-1-multimedia-bluetooth-speaker
  287/442 OK microlab-m300bt-2-1-bluetooth-speaker
  288/442 MISS microlab-m310bt-2-1-multimedia-bluetooth-speaker
  289/442 MISS microlab-m700bt-2-1-multimedia-bluetooth-speaker
  290/442 MISS microlab-m890bt-2-1-multimedia-high-quality-sound-3-way-speaker
  291/442 OK microlab-magicup-portable-bluetooth-speaker
  292/442 OK microlab-pt1200w-portable-multimedia-wireless-bluetooth-party-speaker
  293/442 OK microlab-pt601w-portable-multimedia-wireless-bluetooth-party-speaker
  294/442 OK microlab-pt602w-portable-multimedia-wireless-bluetooth-party-speaker
  295/442 OK microlab-solo-16-2-0-two-way-stereo-bluetooth-monitor-speaker
  296/442 OK microlab-solo-29-2-0-bluetooth-hi-fi-monitor-speaker
  297/442 MISS microlab-solo19-series-2-0-bluetooth-speaker
  298/442 OK microlab-tl20-trolley-portable-bluetooth-speaker
  299/442 MISS microlab-tmn1-bt-2-1-multimedia-bluetooth-speaker
  300/442 OK microlab-tmn1-bt-4-1-multimedia-bluetooth-speaker
  301/442 MISS microlab-tmn3bt-4-1-multimedia-bluetooth-speaker
  302/442 MISS microlab-tmn8bt-2-1-multimedia-wooden-bluetooth-speaker
  303/442 OK microlab-tmn9-bt-2-1-speaker
  304/442 OK microlab-twinkle-star-1-mini-portable-bluetooth-speaker
  305/442 MISS microlab-u220bt-2-1-multimedia-rgb-usb-gaming-speaker
  306/442 OK microlab-u210-usb-2-1-led-bluetooth-speaker-black
  307/442 MISS microlab-x1bt-2-1-multimedia-x-series-speaker
  308/442 OK microlab-x3bt-2-1-multimedia-bluetooth-speaker
  309/442 OK microlab-x3bt-5-1-multimedia-bluetooth-speaker
  310/442 OK micropack-conch-bluetooth-speaker-black-white-6w
  311/442 OK monster-atomic-atom-portable-bluetooth-speaker
  312/442 OK monster-atomic-pebble-bluetooth-speaker
  313/442 OK monster-blaster-micro-portable-bluetooth-speaker
  314/442 OK monster-cube-1-portable-bluetooth-speaker
  315/442 OK monster-s150-plus-portable-bluetooth-speaker
  316/442 OK monster-s310-portable-bluetooth-speaker
  317/442 OK onikuma-l20-rgb-portable-bluetooth-speaker
  318/442 OK onikuma-l6-rgb-gaming-bluetooth-speaker
  319/442 OK oraimo-boom-obs-75d-dynamic-light-effects-portable-wireless-speaker
  320/442 OK oraimo-rover-obs-53d-rgb-portable-wireless-speaker
  321/442 OK oraimo-spacebox-active-portable-bluetooth-speaker
  322/442 OK oraimo-spacebox-max-party-speaker-obs-982
  323/442 OK oraimo-spacebox-portable-bluetooth-speaker
  324/442 OK oraimo-spacebox-pro-portable-bluetooth-speaker
  325/442 OK qcy-mx1-wireless-bluetooth-speaker
  326/442 OK qcy-sp2-portable-bluetooth-speaker
  327/442 OK qcy-sp7-portable-bluetooth-speaker
  328/442 OK rapoo-a110-rgb-bluetooth-soundbar
  329/442 OK recci-rsk-w09-portable-bluetooth-speaker
  330/442 OK recci-rsk-w40-phantom-series-bluetooth-speaker
  331/442 OK recci-rsk-w43-portable-wireless-speaker
  332/442 OK recci-rsk-w46-bluetooth-speaker
  333/442 OK recci-rsk-w50-wireless-speaker
  334/442 OK recci-rsk-w49-portable-wireless-speaker
  335/442 OK remax-rb-m82-rgb-portable-bluetooth-speaker
  336/442 MISS samsung-hw-b650d-b-series-3-1ch-370-watt-dolby-soundbar-with-subwoofer
  337/442 MISS samsung-hw-q600c-q-series-3-1-2ch-360-watt-home-theatre-soundbar-with-subwoofer
  338/442 MISS samsung-hw-q930d-q-series-9-1-4ch-540w-bluetooth-dolby-atmos-soundbar-with-subwoofer
  339/442 MISS samsung-hw-q930f-q-series-9-1-4-ch-soundbar-with-subwoofer-and-rear-speaker
  340/442 MISS samsung-hw-b650f-b-series-3-1ch-dolby-soundbar-with-wireless-subwoofer
  341/442 MISS samsung-hw-q990d-11-1-4ch-bluetooth-dolby-atmos-soundbar-with-subwoofer
  342/442 MISS samsung-hw-q990f-q-series-11-1-4-ch-soundbar-with-subwoofer-and-rear-speaker
  343/442 MISS samsung-hw-s800b-3-1-2ch-soundbar-with-wireless-dolby-atmos
  344/442 MISS samsung-hw-t420-xl-2-1ch-150-watt-wireless-soundbar
  345/442 OK sony-gtk-pg10-high-power-audio-system-wireless-party-speaker
  346/442 OK sony-ht-an7-bravia-theater-u-wearable-tv-speaker
  347/442 OK sony-ht-ax7-portable-theatre-system-with-360-spatial-sound
  348/442 MISS sony-ht-g700-3-1ch-soundbar-with-wireless-subwoofer
  349/442 MISS sony-ht-b600-3-1ch-soundbar-with-wireless-subwoofer
  350/442 MISS sony-ht-s350-2-1ch-soundbar-with-wireless-subwoofer
  351/442 MISS sony-ht-s400-2-1ch-soundbar-with-wireless-subwoofer
  352/442 MISS sony-ht-s400-2-1ch-soundbar-with-wireless-subwoofer-unofficial
  353/442 OK sony-ht-s500rf-1000w-5-1-channel-sound-bar-with-bluetooth-subwoofer
  354/442 OK sony-srs-ns7-bluetooth-neckband-speaker
  355/442 OK sony-srs-ult10-portable-bluetooth-speaker
  356/442 OK sony-srs-nb10-bluetooth-neckband-speaker
  357/442 OK sony-srs-xb100-wireless-bluetooth-speaker
  358/442 OK sony-srs-xb01-compact-portable-bluetooth-speaker
  359/442 OK sony-srs-xb13-extra-bass-portable-wireless-speaker
  360/442 OK sony-srs-xb33-extra-bass-wireless-portable-speaker-with-built-in-mic
  361/442 OK sony-srs-xb23-extra-bass-wireless-portable-speaker-with-built-in-mic
  362/442 OK sony-srs-xe300-portable-bluetooth-speaker
  363/442 OK sony-srs-xg500-x-series-wireless-bluetooth-speaker
  364/442 OK sony-srs-xp500-x-series-portable-wireless-bluetooth-karaoke-party-speaker
  365/442 OK sony-ult-field-3
  366/442 OK sony-srs-xp700-x-series-portable-wireless-bluetooth-speaker
  367/442 MISS steelseries-arena-3-2-0-gaming-bluetooth-speaker
  368/442 OK sony-ult-field-5
  369/442 MISS steelseries-arena-7-rgb-2-1-bluetooth-gaming-speaker
  370/442 OK tecno-square-s3-portable-bluetooth-speaker
  371/442 OK tecno-square-s5-portable-bluetooth-speaker
  372/442 OK tecno-square-s6-portable-bluetooth-speaker
  373/442 OK thonet-and-vander-duett-portable-bluetooth-speaker
  374/442 OK thonet-and-vander-frei-portable-bluetooth-speaker
  375/442 OK thonet-and-vander-frei-topp-portable-bluetooth-speaker
  376/442 OK thonet-and-vander-ziegel-portable-bluetooth-speaker
  377/442 MISS thunderobot-thor-s10-pro-rgb-2-0-channel-dual-mode-bluetooth-speaker
  378/442 MISS thunderobot-thor-s10-rgb-2-0-channel-dual-mode-bluetooth-speaker
  379/442 OK tribit-maxsound-plus-portable-wireless-speaker
  380/442 OK tozo-soundgo-portable-bluetooth-speaker
  381/442 OK tribit-pocket-go-portable-bluetooth-speaker
  382/442 OK tribit-stormbox-2-surround-sound-portable-bluetooth-speaker
  383/442 OK tribit-stormbox-flow-portable-bluetooth-speaker
  384/442 OK tribit-stormbox-blast-2-portable-bluetooth-speaker
  385/442 OK tribit-stormbox-lava-portable-bluetooth-speaker
  386/442 OK tribit-stormbox-micro-2-portable-bluetooth-speaker
  387/442 OK tribit-stormbox-mini-portable-bluetooth-speaker
  388/442 OK tribit-stormbox-pro-portable-bluetooth-speaker
  389/442 OK tribit-stormbox-portable-bluetooth-speaker
  390/442 OK tribit-xsound-go-bluetooth-speaker
  391/442 OK tribit-xsound-surf-portable-bluetooth-speaker
  392/442 OK tribit-xsound-plus-2-portable-bluetooth-speaker
  393/442 OK unikyy-eagle-40w-portable-bluetooth-speaker
  394/442 OK unikyy-s18-portable-bluetooth-speaker
  395/442 OK unikyy-s7-portable-bluetooth-speaker
  396/442 OK unikyy-vibe-bluetooth-neck-speaker
  397/442 OK unikyy-vigor-50w-portable-bluetooth-speaker
  398/442 OK weofly-boulder-portable-bluetooth-speaker
  399/442 OK weofly-stone-portable-bluetooth-speaker
  400/442 OK wiwu-thunder-p40-mini-portable-wireless-speaker
  401/442 OK wiwu-thunder-p40-portable-waterproof-dazzling-led-bluetooth-speaker-with-microphone
  402/442 OK xo-f51-10w-bluetooth-speaker-with-microphone
  403/442 OK xo-f55-20w-rgb-bluetooth-speaker-with-microphone
  404/442 OK xo-f56-portable-bluetooth-speaker
  405/442 OK xo-f66-portable-bluetooth-speaker
  406/442 OK xo-f67-led-dazzle-portable-bluetooth-speaker
  407/442 OK xo-f71-led-dazzle-portable-bluetooth-speaker
  408/442 OK xo-f72-portable-bluetooth-speaker
  409/442 OK xo-f74-portable-bluetooth-speaker
  410/442 OK xo-yh12-smart-star-projection-lamp-with-bluetooth-speaker
  411/442 OK xo-f78-portable-bluetooth-speaker
  412/442 OK xpert-xr07-bluetooth-speaker-with-flashlight
  413/442 OK xpert-xr08-portable-bluetooth-wireless-speaker
  414/442 OK xtra-v100-pro-bluetooth-karaoke-speaker
  415/442 OK xtreme-e129bu-2-1-bluetooth-speaker-with-remote
  416/442 OK xtreme-e208bu-bluetooth-speaker
  417/442 OK xtreme-e209bu-2-1-bluetooth-speaker-black-with-remote
  418/442 OK xtreme-e256bu-2-1-bluetooth-speaker-with-remote
  419/442 OK xtreme-e522bu-bluetooth-speaker
  420/442 OK xtreme-e283bu-2-1-bluetooth-speaker-with-remote
  421/442 OK xtreme-e611bu-bluetooth-speaker
  422/442 OK xtreme-e600bu-2-1-bluetooth-tower-home-theater-speaker
  423/442 OK xtreme-e614bu-bluetooth-speaker
  424/442 OK xtreme-e70bt-2-0-bluetooth-speaker
  425/442 OK xtreme-e831bu-2-1-bluetooth-speaker-with-remote
  426/442 OK xtreme-ikarao-adjustable-speaker-stand
  427/442 OK xtreme-ikarao-waterproof-travel-bag-for-break-x2-speaker
  428/442 OK xtreme-hero-2-1-multimedia-bluetooth-speaker-with-remote
  429/442 OK xtreme-ikarao-waterproof-travel-trolley-bag-for-break-x1-speaker
  430/442 OK xtreme-jalsa-trolley-bluetooth-speaker-with-microphone
  431/442 OK xtrike-me-sk-301-rgb-gaming-bluetooth-speaker
  432/442 OK xtrike-me-sk-302-rgb-gaming-bluetooth-speaker
  433/442 OK xtrike-me-sk-503-2-0-rgb-bluetooth-gaming-speaker
  434/442 OK xtrike-me-sp-208bt-stereo-rgb-wireless-speaker
  435/442 OK yison-celebrat-fly-3-bluetooth-speaker
  436/442 OK yison-celebrat-sky-3-portable-bluetooth-speaker
  437/442 OK yison-celebrat-sp-19-portable-bluetooth-speaker
  438/442 OK yison-celebrat-sp-3-portable-bluetooth-speaker
  439/442 OK yison-celebrat-sp-6-portable-bluetooth-speaker
  440/442 OK yison-celebrat-sp-8-portable-bluetooth-speaker
  441/442 OK yison-celebrat-sp-4-portable-speaker
  442/442 OK yison-celebrat-ws-11-portable-bluetooth-speaker
COMPLETED accessories/bluetooth-speaker.json: 382 products, 54 unmatched
GROUP accessories/cable.json: 587 images
  1/587 OK 2rca-3m-cable
  2/587 OK acefast-c1304-type-a-c-to-type-c-60w-cable
  3/587 OK acefast-c15-03-60w-type-c-to-type-c-cable
  4/587 OK acefast-c18-03-60w-type-c-to-type-c-cable
  5/587 OK acefast-c19-03-60w-type-c-to-type-c-cable
  6/587 OK acefast-c21-03-type-c-cable
  7/587 OK acefast-c21-04-1-2m-3a-usb-a-to-type-c-cable
  8/587 OK acefast-c26-03-60w-type-c-cable
  9/587 OK acefast-c26-04-12m-18w-type-c-cable
  10/587 OK anker-140w-type-c-cable
  11/587 OK anker-322-6ft-type-c-cable
  12/587 OK anker-322-usb-c-to-lightning-cable
  13/587 OK anker-322-usb-c-to-usb-c-cable
  14/587 OK anker-a82e2h11-240w-usb-type-c-cable
  15/587 OK anker-a8436-powerline-ii-cable
  16/587 OK anker-a8742h11-18m-8k-hdmi-cable
  17/587 OK anker-nano-a87e0h12-hdmi-cable
  18/587 OK anker-zolo-1m-type-c-cable
  19/587 OK apple-usb-c-60w-cable-1m
  20/587 OK apple-usb-c-to-lightning-cable-1m
  21/587 OK apple-usb-type-c-charging-cable-2m
  22/587 OK awei-cl-115l-usb-to-lightning-cable
  23/587 OK awei-cl-115m-usb-to-micro-usb-cable
  24/587 OK awei-cl-115t-usb-to-type-c-charging-cable
  25/587 OK awei-cl-206l-usb-to-lightning-cable
  26/587 OK awei-cl-972-3-1n-1-fast-charging-cable
  27/587 OK baseus-cafule-4khdmi-male-to-4khdmi-male-adapter-cable-2-meter
  28/587 OK baseus-cafule-4khdmi-male-to-4khdmi-male-adapter-cable-3-meter
  29/587 OK baseus-flash-series-ii-3-in-1-fast-charging-data-cable
  30/587 OK baseus-flash-series-type-c-to-c-charging-data-cable
  31/587 OK baseus-high-definition-series-hdmi-cable
  32/587 OK baseus-high-definition-series-hdmi-to-hdmi-graphene-cable-2-meter
  33/587 OK baseus-high-definition-series-optic-fiber-hdmi-to-hdmi-cable
  34/587 OK baseus-rapid-series-3-in-1-3a-cable
  35/587 OK baseus-superior-series-2-meter-usb-to-lightning-cable
  36/587 OK baseus-superior-series-3-in-1-usb-cable
  37/587 OK baseus-traction-series-retractable-3-in-1-fast-charging-cable
  38/587 OK baseus-tungsten-gold-1-meter-100w-type-c-to-type-c-cable
  39/587 OK baseus-tungsten-gold-3-in-1-fast-charging-data-cable
  40/587 OK baseus-yiven-m30-audio-cable
  41/587 OK belkin-audio-cable
  42/587 OK belkin-f3y020bt1m-high-speed-hdmi-cable
  43/587 OK belkin-f3y020bt5m-5-meter-hdmi-cable
  44/587 OK belkin-f3y021bt1m-hdmi-male-to-hdmi-male-cable
  45/587 OK belkin-f3y116bt2m-audio-cable
  46/587 OK belkin-hdmi-cable-f3y021bt2m
  47/587 OK boya-by-cip2-trrs-to-trs-microphone-adapter-cable
  48/587 OK boya-xlr-c5-microphone-cable
  49/587 OK bwoo-bo-aux066-audio-converter
  50/587 OK bwoo-bo-aux068-audio-converter
  51/587 OK bwoo-bo-aux073-lightning-to-35mm-cable
  52/587 OK bwoo-bo-aux075-1meter-aux-cable
  53/587 OK bwoo-bo-x274-cable
  54/587 OK bwoo-bo-bz65-type-c-to-35mm-converter
  55/587 OK bwoo-bo-x286c-c-cable
  56/587 OK bwoo-bo-x286c-cable
  57/587 OK bwoo-bo-x286c-l-cable
  58/587 OK bwoo-bo-x286l-cable
  59/587 OK bwoo-bo-x286v-cable
  60/587 OK bwoo-bo-x288c-1m-type-c-cable
  61/587 OK bwoo-bo-x288c-c-1m-type-c-cable
  62/587 OK bwoo-bo-x288c-c-cable
  63/587 OK bwoo-bo-x288c-cable
  64/587 OK bwoo-bo-x288c-l-27w-1m-cable
  65/587 OK bwoo-bo-x288c-l-cable
  66/587 OK bwoo-bo-x288l-1m-lightning-cable
  67/587 OK bwoo-bo-x288l-cable
  68/587 OK bwoo-bo-x288v-1m-usb-cable
  69/587 OK bwoo-bo-x288v-cable
  70/587 OK bwoo-bo-x304c-c-cable
  71/587 OK bwoo-bo-x305c-l-cable
  72/587 OK bwoo-bo-x307-cable
  73/587 OK bwoo-bo-x309-cable
  74/587 OK bwoo-bo-x310-type-c-cable
  75/587 OK bwoo-bo-x311c-cable
  76/587 OK bwoo-bo-x311cc-cable
  77/587 OK bwoo-bo-x311cl-cable
  78/587 OK bwoo-bo-x311ln-cable
  79/587 OK bwoo-bo-x315c-c-cable
  80/587 OK bwoo-bo-x315c-cable
  81/587 OK bwoo-bo-x315c-l-27w-type-c-cable
  82/587 OK bwoo-bo-x315l-1m-lighting-cable
  83/587 OK bwoo-bo-x318c-c-cable
  84/587 OK bwoo-bo-x318c-cable
  85/587 OK bwoo-bo-x318cl-cable
  86/587 OK bwoo-bo-x318l-cable
  87/587 OK bwoo-bo-x325cc-cable
  88/587 OK bwoo-bz-47-audio-converter
  89/587 OK charg-c1b-usb-cable
  90/587 OK bwoo-bz-48-audio-converter
  91/587 OK charg-c1c-type-c-cable
  92/587 OK charg-c2b-cable
  93/587 OK charg-c2c-cable
  94/587 OK charg-c3b-b-fastamp-micro-usb-cable
  95/587 OK charg-c3b-usb-cable
  96/587 OK charg-c3c-type-c-cable
  97/587 OK charg-c3cc-type-c-cable
  98/587 OK charg-c3cl-b-fastamp-lighting-cable
  99/587 OK charg-c3l-cable
  100/587 OK choetech-xcc-1014-1-2m-type-c-to-type-c-cable
  101/587 OK desktop-vga-cable
  102/587 OK dtech-dch-2917-type-c-to-dp-cable
  103/587 OK dtech-dch-2930-type-c-to-audio-cable
  104/587 OK dtech-dt-5002b-usb-to-rs232-converter
  105/587 OK dtech-dt-cu0308-1-8m-dp-to-dp-cable
  106/587 OK dtech-dt-cu0308-dp-cable
  107/587 OK dtech-dt-h003-1-5m-hdmi-cable
  108/587 OK dtech-dt-h005-3m-hdmi-to-hdmi-cable
  109/587 OK dtech-dt-h006-hdmi-5m-cable
  110/587 OK dtech-dt-h008-10-meter-hdmi-cable
  111/587 OK dtech-dt-h009-hdmi-cable
  112/587 OK dtech-dt-hf3005-hdmi-cable
  113/587 OK dtech-dt-hf3010-hdmi-cable
  114/587 OK dtech-dt-hf3015-hdmi-cable
  115/587 OK dtech-dt-hf3020-hdmi-cable
  116/587 OK dtech-dt-hf3025-hdmi-cable
  117/587 OK dtech-dt-hf3030-hdmi-cable
  118/587 OK dtech-dt-hf3040-hdmi-cable
  119/587 OK dtech-dt-hf3050-hdmi-cable
  120/587 OK dtech-dt-hf8001k-hdmi-cable
  121/587 OK dtech-dt-hf8003k-hdmi-cable
  122/587 OK dtech-dt-hf8015k-hdmi-cable
  123/587 OK dtech-dt-hf8020k-hdmi-cable
  124/587 OK dtech-dt-hf8020kf-hdmi-cable
  125/587 OK dtech-dt-hf8025kf-hdmi-cable
  126/587 OK dtech-dt-hf8030k-hdmi-cable
  127/587 OK dtech-dt-hf8030kf-hdmi-cable
  128/587 OK dtech-dt-hf8035k-hdmi-cable
  129/587 OK dtech-dt-hf8040k-hdmi-cable
  130/587 OK dtech-dt-hf8040kf-hdmi-cable
  131/587 OK dtech-dt-hf8050k-hdmi-cable
  132/587 OK dtech-dt-hf8050kf-hdmi-cable
  133/587 OK dtech-dt-hf8060k-hdmi-cable
  134/587 OK dtech-dt-hf8060kf-hdmi-cable
  135/587 OK dtech-dt-hf8070k-hdmi-cable
  136/587 OK dtech-dt-hf8070kf-hdmi-cable
  137/587 OK dtech-dt-hf8080k-hdmi-cable
  138/587 OK dtech-dt-hf8080kf-hdmi-cable
  139/587 OK dtech-dt-hf8090k-hdmi-cable
  140/587 OK dtech-dt-hf8090kf-hdmi-cable
  141/587 OK dtech-dt-hf8100k-hdmi-cable
  142/587 OK dtech-dt-hf8100kf-hdmi-cable
  143/587 OK dtech-dt-hf8150k-hdmi-cable
  144/587 OK dtech-dt-t0217-audio-cable
  145/587 OK dtech-dt-t0218-audio-cable
  146/587 OK dtech-dt-t0220-audio-cable
  147/587 OK dtech-dt-v011-50-meter-vga-cable
  148/587 OK dtech-tb-2917-1-5m-cable
  149/587 OK dtech-tb-2917-2m-cable
  150/587 OK dtech-tb-2917-type-c-to-dp-cable
  151/587 OK emeet-dc200-3m-audio-cable
  152/587 OK energizer-c61c2agwh4-two-tone-usb-c-cable
  153/587 OK energizer-c61clnkwh4-lightning-to-usb-c-cable
  154/587 OK energizer-c61ligbk4-two-tone-lightning-cable
  155/587 OK fantech-duralink-dl4ac-cable
  156/587 OK fantech-duralink-dl4al-cable
  157/587 OK fantech-duralink-dl4cc-cable
  158/587 OK fantech-duralink-dlt1ac-cable
  159/587 OK fantech-duralink-dlt1cc-type-c-cable
  160/587 OK fantech-vibelink-vl2ac-cable
  161/587 OK fantech-vibelink-vl2al-cable
  162/587 OK fantech-vibelink-vl2cc-cable
  163/587 OK fjgear-1-5-meter-hdmi-cable
  164/587 OK fjgear-1-5-meter-usb-extension-cable
  165/587 OK fjgear-10-meter-hdmi-cable
  166/587 OK fjgear-100-meter-fiber-optic-hdmi-cable
  167/587 OK fjgear-15-meter-hdmi-cable
  168/587 OK fjgear-15-meter-vga-cable
  169/587 OK fjgear-20-meter-vga-cable
  170/587 OK fjgear-25-meter-hdmi-cable-with-ic
  171/587 OK fjgear-3-meter-hdmi-cable
  172/587 OK fjgear-3-meter-vga-cable
  173/587 OK fjgear-30-meter-hdmi-cable
  174/587 OK fjgear-30-meter-hdmi-cable-with-ic
  175/587 OK fjgear-30-meter-vga-cable
  176/587 OK fjgear-40-meter-hdmi-cable-with-ic
  177/587 OK fjgear-40-meter-vga-cable
  178/587 OK fjgear-5-meter-vga-cable
  179/587 OK fjgear-50-meter-hdmi-cable-with-ic
  180/587 OK foneng-x80-cable
  181/587 OK foneng-x92-cable
  182/587 OK foneng-xs01-type-c-cable
  183/587 OK foneng-xs02-cable
  184/587 OK google-30w-type-c-cable
  185/587 OK green-av141-audio-cable
  186/587 OK havit-20-meter-vga-cable
  187/587 OK havit-30-meter-vga-cable
  188/587 OK havit-5-meter-vga-cable
  189/587 OK havit-male-to-male-10-meter-vga-cable
  190/587 OK hoco-u125-benefit-usb-a-to-lightning-cable
  191/587 OK hoco-upa21-dual-female-to-male-splitter-audio-cable
  192/587 OK hoco-upa26-type-c-to-3-5mm-audio-cable
  193/587 OK jiayou-flash-ultra-5-type-c-cable
  194/587 OK jiayou-flash-ultra-6-lightning-cable
  195/587 OK jiayou-flash-ultra-7-type-c-cable
  196/587 OK jiayou-flash-ultra-8-type-c-cable
  197/587 OK joyroom-a21-100w-3-in-1-fast-charging-cable
  198/587 OK joyroom-s-a21-3-in-1-fast-charging-cable
  199/587 OK joyroom-s-a40-colorful-series-type-c-to-3-in-1-cable
  200/587 OK ldnio-lc130-usb-cable
  201/587 OK ldnio-lc212c-2m-type-c-cable
  202/587 OK ldnio-lc25-100w-charging-cable
  203/587 OK ldnio-lc442c-2m-type-c-cable
  204/587 OK ldnio-lc902-2m-type-c-to-lightning-cable
  205/587 OK ldnio-lc922c-2m-type-c-cable
  206/587 OK ldnio-lc96u-type-c-cable
  207/587 OK ldnio-ls841-usb-to-type-c-cable
  208/587 OK ldnio-lsy81a-1m-audio-cable
  209/587 OK ldnio-lsy82a-1-8-m-audio-cable
  210/587 OK ldnio-lsy82b-audio-cable
  211/587 OK ldnio-tc11c-1m-type-c-cable
  212/587 OK logitech-group-10m-extended-cable
  213/587 OK logitech-rally-mic-pod-10-meter-extension-cable
  214/587 OK megastar-fc-c001-usb-to-type-c-charging-cable
  215/587 OK megastar-fc-m001-micro-usb-charging-cable
  216/587 OK micropack-mc-c100-type-c-cable
  217/587 OK micropack-mc-c60-type-c-cable
  218/587 OK oneplus-supervooc-type-c-to-type-c-cable
  219/587 OK oneplus-type-c-1-5-m-cable
  220/587 OK onten-otn-6301v-vga-to-vga-cable
  221/587 OK onten-otn-69001-type-c-cable
  222/587 OK onten-otn-69006-printer-cable
  223/587 OK onten-otn-8305-1-5m-4k-hdmi-cable
  224/587 OK onten-otn-8305-1m-4k-hdmi-cable
  225/587 OK onten-otn-8305-3m-4k-hdmi-cable
  226/587 OK onten-otn-8305-5m-4k-hdmi-cable
  227/587 OK onten-otn-8310-4k-hdmi-cable
  228/587 OK onten-otn-8318-10m-hdmi-cable
  229/587 OK onten-otn-8318-15m-hdmi-cable
  230/587 OK onten-otn-8318-20m-hdmi-cable
  231/587 OK onten-otn-8318-2m-4k-hdmi-cable
  232/587 OK onten-otn-8318-3m-4k-hdmi-cable
  233/587 OK onten-otn-8318-4k-hdmi-cable
  234/587 OK onten-otn-8318-5m-hdmi-cable
  235/587 OK onten-otn-9106-type-c-extension-cable
  236/587 OK onten-otn-9538-type-c-to-displayport-cable
  237/587 OK onten-otn-9582b-type-c-to-hdmi-cable
  238/587 OK onten-otn-a101-2m-audio-cable
  239/587 OK onten-otn-a101-3m-audio-cable
  240/587 OK onten-otn-a101-5m-audio-cable
  241/587 OK onten-otn-a101-audio-cable
  242/587 OK onten-otn-a102-2m-audio-converter
  243/587 OK onten-otn-a102-audio-converter
  244/587 OK onten-otn-a201-optical-audio-cable
  245/587 OK onten-otn-cc201-cable
  246/587 OK onten-otn-cc203-1-5m-type-c-cable
  247/587 OK onten-otn-cc203-2m-cable
  248/587 OK onten-otn-cc203-type-c-cable
  249/587 OK onten-otn-cc211-1-meter-100w-type-c-cable
  250/587 OK onten-otn-cc211-2-meter-100w-type-c-cable
  251/587 OK onten-otn-cc212-1-2-meter-thunderbolt-240w-type-c-cable
  252/587 OK onten-otn-cc301-1m-cable
  253/587 OK onten-otn-cc302-type-c-cable
  254/587 OK onten-otn-cc303-1m-100w-type-c-cable
  255/587 OK onten-otn-cc313-type-c-cable
  256/587 OK onten-otn-cc317-usb-type-c-cable
  257/587 OK onten-otn-cc329-usb-type-c-cable
  258/587 OK onten-otn-dp102-3m-displayport-cable
  259/587 OK onten-otn-dp102-displayport-cable
  260/587 OK onten-otn-dp121-2m-displayport-cable
  261/587 OK onten-otn-dp121-3m-displayport-cable
  262/587 OK onten-otn-dp121-5m-displayport-cable
  263/587 OK onten-otn-dp121-displayport-cable
  264/587 OK onten-otn-dp122-2m-displayport-cable
  265/587 OK onten-otn-dp122-3m-displayport-cable
  266/587 OK onten-otn-dp122-5m-displayport-cable
  267/587 OK onten-otn-dp122-displayport-cable
  268/587 OK onten-otn-dp302-3m-dp-to-hdmi-cable
  269/587 OK onten-otn-dp302-cable
  270/587 OK onten-otn-dp303-dp-to-hdmi-converter
  271/587 OK onten-otn-hd162-15m-hdmi-cable
  272/587 OK onten-otn-hd162-3m-hdmi-cable
  273/587 OK onten-otn-hd162-5m-hdmi-cable
  274/587 OK onten-otn-hd183-3m-hdmi-cable
  275/587 OK onten-otn-hd183-5m-hdmi-cable
  276/587 OK onten-otn-hd183-8k-hdmi-cable
  277/587 OK onten-otn-hd183-hdmi-cable
  278/587 OK onten-otn-uc501-type-c-to-hdmi-cable
  279/587 OK onten-otn-uc503-type-c-hdmi-cable
  280/587 OK onten-otn-uc508-cable
  281/587 OK onten-otn-us104-usb-cable
  282/587 OK onten-otn-us106-printer-cable
  283/587 OK onten-otn-us37a-cable
  284/587 OK onten-otn-us37t-cable
  285/587 OK oraimo-digiline-ocd-175cc-type-c-cable
  286/587 OK oraimo-ocd-114c-type-c-cable
  287/587 OK oraimo-ocd-114cl-type-c-to-lightning-cable
  288/587 OK oraimo-ocd-114m-micro-usb-cable
  289/587 OK oraimo-robustline-ocd-114cc-type-c-cable
  290/587 OK oraimo-robustline-ocd-114l-usb-cable
  291/587 OK oraimo-silkline-ocd-115l-v2-lightning-cable
  292/587 OK oraimo-silkline-ocd-115m-micro-usb-cable
  293/587 OK oraimo-speedline-4-magnetic-charging-cable
  294/587 OK orico-cl01-wh-usb-type-c-to-lightning-cable
  295/587 OK orico-hdmi-to-hdmi-cable
  296/587 OK prolink-gcc-100-01-100w-type-c-type-c-cable
  297/587 OK qcy-dc05-type-c-cable
  298/587 OK qcy-dc08-type-c-to-lightning-cable
  299/587 OK qcy-dc13-type-c-cable
  300/587 OK qcy-dc21-type-c-cable
  301/587 OK qcy-dc22-type-c-cable
  302/587 OK qcy-dc23-lightning-cable
  303/587 OK recci-rs08cc-type-c-cable
  304/587 OK recci-rs09cc-type-c-cable
  305/587 OK recci-rs11cc-type-c-cable
  306/587 OK riversong-c58-infinity-05-3-in-1-data-cable
  307/587 OK riversong-cm85-beta-09-micro-usb-data-cable
  308/587 OK riversong-ct56-alpha-03-fast-charging
  309/587 OK riversong-ct76-lotus-08-usb-c-to-usb-c-data-cable
  310/587 OK rode-sc15-usb-type-c-to-lightning-cable
  311/587 OK rode-sc16-type-c-to-type-c-cable
  312/587 OK rode-sc7-trs-to-trrs-audio-cable
  313/587 OK samsung-ep-da705bbegww-type-c-cable
  314/587 OK samsung-ep-dn975-1m-type-c-cable
  315/587 OK samsung-ep-dx510-1-8m-type-c-cable
  316/587 OK tecno-tcd-c11-type-c-cable
  317/587 OK tecno-tcd-c13-type-c-cable
  318/587 OK tecno-tcd-cc01-type-c-cable
  319/587 OK tecno-tcd-cc02-type-c-cable
  320/587 OK tecno-tcd-m11-micro-usb-cable
  321/587 OK tecno-tcd-m13-type-c-cable
  322/587 OK ugreen-40574-usb-type-c-male-to-female-extension-cable
  323/587 OK ugreen-60117-usb-a-2-0-to-usb-c-cable
  324/587 OK ugreen-70315-usb-c-to-usb-a-data-cable
  325/587 OK ugreen-70427-100w-type-c-cable
  326/587 OK ugreen-80810-usb-type-c-extension-cable
  327/587 OK ugreen-av112-2-meter-audio-cable
  328/587 OK ugreen-av112-3-5-mm-3-meter-audio-cable
  329/587 OK ugreen-av112-audio-cable
  330/587 OK ugreen-av118-3m-audio-cable
  331/587 OK ugreen-av118-audio-cable
  332/587 OK ugreen-av119-3m-audio-cable
  333/587 OK ugreen-av119-3m-audio-extension-cable
  334/587 OK ugreen-av119-5m-audio-cable
  335/587 OK ugreen-av119-audio-cable
  336/587 OK ugreen-av122-toslink-optical-audio-cable
  337/587 MISS ugreen-av122-1-5m-toslink-optical-audio-cable
  338/587 OK ugreen-av130-xlr-cable
  339/587 OK ugreen-av134-headphone-splitter-cable
  340/587 OK ugreen-av140-audio-cable
  341/587 OK ugreen-av140-audio-cable-black
  342/587 OK ugreen-av141-3-5mm-headphone-splitter-cable
  343/587 OK ugreen-av144-audio-cable
  344/587 OK ugreen-cm321-sata-to-usb-type-c-adapter-cable
  345/587 OK ugreen-cm450-audio-cable
  346/587 OK ugreen-cm565-type-c-to-hdmi-cable
  347/587 OK ugreen-cm772-cable
  348/587 OK ugreen-cr104-usb-to-vga-cable
  349/587 OK ugreen-dp101-2m-dp-to-hdmi-cable
  350/587 OK ugreen-dp101-3-meter-displayport-to-hdmi-cable
  351/587 OK ugreen-dp101-5-meter-displayport-to-hdmi-cable
  352/587 OK ugreen-dp101-dp-to-hdmi-cable
  353/587 OK ugreen-dp103-dp-to-dvi-cable
  354/587 OK ugreen-dp105-displayport-to-vga-cable
  355/587 OK ugreen-dp114-displayport-cable
  356/587 OK ugreen-dp118-displayport-cable
  357/587 OK ugreen-dp119-cable
  358/587 OK ugreen-hd101-hdmi-male-to-male-10m-cable
  359/587 OK ugreen-hd101-hdmi-round-cable
  360/587 OK ugreen-hd103-2m-hdmi-cable
  361/587 OK ugreen-hd104-25m-hdmi-cable
  362/587 OK ugreen-hd104-2m-hdmi-cable
  363/587 OK ugreen-hd107-hdmi-male-to-female-2m-cable
  364/587 OK ugreen-hd108-mini-hdmi-to-hdmi-cable
  365/587 OK ugreen-hd118-hdmi-cable
  366/587 OK ugreen-hd119-2-meter-hdmi-cable
  367/587 OK ugreen-hd163-mini-hdmi-to-hdmi-8k-cable
  368/587 OK ugreen-hdmi-cable-copper-20m
  369/587 OK ugreen-hdmi-flat-cable-3m
  370/587 OK ugreen-hdmi-male-to-male-3m-cable
  371/587 OK ugreen-hdmi-male-to-male-8k-cable
  372/587 OK ugreen-hdmi-male-to-usb-type-c-male-cable
  373/587 OK ugreen-l502-100w-type-c-cable-65249
  374/587 OK ugreen-l502-2m-100w-type-c-charging-cable
  375/587 OK ugreen-l509-cable
  376/587 OK ugreen-l512-2-meter-type-c-cable
  377/587 OK ugreen-l512-fast-charging-type-c-cable
  378/587 OK ugreen-l512-type-c-cable
  379/587 OK ugreen-l528-100w-1m-type-c-cable
  380/587 OK ugreen-l528-cable
  381/587 OK ugreen-l705-usb4-1m-240w-type-c-cable
  382/587 OK ugreen-mm139-usb-type-c-to-dp-cable
  383/587 OK ugreen-type-c-to-hdmi-cable
  384/587 OK ugreen-uno-cable
  385/587 OK ugreen-us122-male-type-a-to-type-b-printer-cable
  386/587 OK ugreen-us129-5m-usb-extension-cable
  387/587 OK ugreen-us132-3m-usb-type-a-to-mini-usb-cable
  388/587 OK ugreen-us135-usb-type-b-male-usb-male-printer-cable
  389/587 OK ugreen-us155-1-meter-lightning-to-usb-cable
  390/587 OK ugreen-us161-1-5m-type-c-to-type-c-charging-cable
  391/587 OK ugreen-us171-15m-usb-type-c-to-lightning-cable
  392/587 OK ugreen-us171-1m-usb-type-c-to-lightning-cable
  393/587 OK ugreen-us177-usb-cable
  394/587 OK ugreen-us241-2m-type-c-to-type-b-printer-cable
  395/587 OK ugreen-us261-type-c-2m-cable
  396/587 OK ugreen-us261-usb-type-c-to-usb-type-c-cable
  397/587 OK ugreen-us264-2-m-type-c-cable
  398/587 OK ugreen-us284-1m-type-a-to-usb-type-c-cable
  399/587 OK ugreen-us284-usb-a-usb-type-c-cable
  400/587 OK ugreen-us286-2m-usb-type-c-cable
  401/587 OK ugreen-us286-3m-usb-type-c-cable
  402/587 OK ugreen-us286-usb-type-c-to-usb-type-c-1m-cable
  403/587 OK ugreen-us300-100w-type-c-1m-charging-cable
  404/587 OK ugreen-us300-100w-type-c-2m-charging-cable
  405/587 OK ugreen-us300-100w-type-c-cable
  406/587 OK ugreen-us300-1m-usb-type-c-cable-white
  407/587 OK ugreen-us315-audio-cable
  408/587 OK ugreen-us335-1m-type-c-to-type-c-charging-cable
  409/587 OK ugreen-us335-2m-type-c-cable
  410/587 OK ugreen-us335-type-c-to-type-c-1mc-cable
  411/587 OK ugreen-us372-1m-type-c-extension-cable
  412/587 OK ugreen-us501-0-8m-type-c-to-type-c-charging-cable
  413/587 OK ugreen-us505-usb-to-type-c-1m-cable
  414/587 OK ugreen-us532-1m-type-c-to-lightning-cable
  415/587 MISS ugreen-usb-2-0-a-male-mini-5-pin-male-cable
  416/587 MISS ugreen-usb-2-0-data-link-cable-2m
  417/587 OK ugreen-vg101-15m-male-to-male-vga-cable
  418/587 OK ugreen-vg101-2-meter-vga-cable
  419/587 OK ugreen-vg101-20m-male-to-male-vga-cable
  420/587 OK ugreen-vg101-vga-male-to-male-5m-cable
  421/587 OK vention-aabih-4k-hdmi-cable
  422/587 OK vention-aabii-4k-hdmi-cable
  423/587 OK vention-aacbf-1meter-hdmi-cable
  424/587 OK vention-aacbg-hdmi-cable
  425/587 OK vention-aacbh-2meter-hdmi-cable
  426/587 OK vention-aacbi-3meter-hdmi-cable
  427/587 OK vention-aacbj-5meter-hdmi-cable
  428/587 OK vention-aacbk-8m-hdmi-cable
  429/587 OK vention-aacbl-10m-hdmi-cable
  430/587 OK vention-aacbn-15m-hdmi-cable
  431/587 OK vention-aacbq-hdmi-cable-20m
  432/587 OK vention-aambg-hdmi-cable
  433/587 OK vention-aambu-35m-hdmi-cable
  434/587 OK vention-aanbi-3-meter-8k-hdmi-cable
  435/587 OK vention-aanbj-hdmi-cable
  436/587 OK vention-aanbl-hdmi-cable
  437/587 OK vention-alabad-100-meter-hdmi-cable
  438/587 OK vention-alabaf-80-meter-hdmi-cable
  439/587 OK vention-alabq-hdmi-cable
  440/587 OK vention-alabt-hdmi-cable
  441/587 OK vention-alabv-optical-hdmi-cable
  442/587 OK vention-alabx-hdmi-cable
  443/587 OK vention-babbj-6-5mm-to-3-5mm-audio-cable
  444/587 OK vention-baebg-1-5-meter-optical-fiber-audio-cable
  445/587 OK vention-baebi-audio-cable
  446/587 OK vention-bavbi-optical-fiber-audio-cable
  447/587 OK vention-bawbj-audio-cable
  448/587 OK vention-bbfbl-xlr-audio-cable
  449/587 OK vention-bbsby-3-5mm-splitter-audio-cable
  450/587 OK vention-bbtby-audio-cable
  451/587 OK vention-bbvby-splitter-audio-cable
  452/587 OK vention-bcfbi-3-5mm-to-2rca-audio-cable
  453/587 OK vention-bgphy-type-c-audio-cable
  454/587 OK vention-bifbf-audio-converter
  455/587 OK vention-bmbha-audio-converter
  456/587 OK vention-bmchf-audio-converter
  457/587 OK vention-cbhbg-usb-extension-cable
  458/587 OK vention-cbhbi-usb-extension-cable
  459/587 OK vention-cbhbj-5m-usb-extension-cable
  460/587 OK vention-cbkbn-usb-extension-cable
  461/587 OK vention-ccsbb-usb-type-c-to-usb-a-otg-cable
  462/587 OK vention-cfiba-audio-converter
  463/587 OK vention-coklg-usb-2-0-a-male-to-c-male-cable
  464/587 OK vention-colbg-usb-a-to-micro-b-cable
  465/587 OK vention-coobg-usb-to-printer-cable
  466/587 OK vention-coqbg-usb-to-printer-cable-1-5-m
  467/587 OK vention-coqbj-printer-cable
  468/587 OK vention-cozbg-usb-a-to-usb-type-c-cable
  469/587 OK vention-ctfbg-type-c-cable
  470/587 OK vention-ctllg-4-in-1-type-c-cable
  471/587 OK vention-ctnbf-type-c-cable
  472/587 OK vention-ctnwf-type-c-cable
  473/587 OK vention-ctowf-type-c-cable
  474/587 OK vention-ctrbg-3-in-1-cable
  475/587 OK vention-ctrlg-3-in-1-cable
  476/587 OK vention-ctrpg-3-in-1-cable
  477/587 OK vention-ctrwg-3-in-1-cable
  478/587 OK vention-h16bf-type-c-to-lightning-cable
  479/587 OK vention-h17bav-2-in-1-type-c-to-lightning-cable
  480/587 OK vention-h18bav-3-in-1-cable
  481/587 OK vention-haabg-mini-displayport-to-displayport-cable
  482/587 OK vention-hacbj-male-to-male-5m-dp-cable
  483/587 OK vention-hblbg-dp-vga-cable
  484/587 OK vention-hcdbi-displayport-cable
  485/587 OK vention-hcelg-displayport-cable
  486/587 OK vention-hceli-3-meter-displayport-cable
  487/587 OK vention-taybav-type-c-cable
  488/587 OK vention-trcsh-type-c-to-type-c-cable
  489/587 OK vention-trdwf-type-c-to-type-c-cable
  490/587 OK vention-vaa-b06-b300-hdmi-3m-extension-cable
  491/587 OK vention-vaa-d02-b150-mini-hdmi-to-hdmi-cable
  492/587 OK vention-vab-b06-b150-m-3-5mm-audio-extension-cable
  493/587 OK vention-vab-b06-b300-m-3-5mm-audio-extension-cable
  494/587 OK vention-vas-a08-b150-usb-male-to-micro-usb-cable
  495/587 OK vention-vas-a12-b150-usb-male-to-micro-usb-cable
  496/587 OK vention-vas-a16-b150-usb-to-printer-cable
  497/587 OK verbatim-scc2-cc100-cable
  498/587 OK verbatim-scc2-cc60-cable
  499/587 OK verbatim-sync-and-charge-lightning-to-usb-a-cable
  500/587 OK verbatim-usb-c-to-lightning-2-in-1-cable
  501/587 OK vyvylabs-vcscc-01-type-c-to-type-c-cable
  502/587 OK vyvylabs-vcscc-02-type-c-to-type-c-cable
  503/587 OK vyvylabs-vcscl-02-fast-charging-lightning-cable
  504/587 OK vyvylabs-vcsuc-02-crystal-series-type-c-cable
  505/587 OK vyvylabs-vcsul-01-crystal-series-lightning-cable-white
  506/587 OK wiwu-wi-c054-usb-to-type-c-cable
  507/587 OK wiwu-wi-c055-a-l-usb-a-to-lightning-cable
  508/587 OK wiwu-wi-c056-type-c-to-lightening-cable
  509/587 OK wiwu-wi-c057-type-c-cable
  510/587 OK wiwu-wi-c058-type-c-cable
  511/587 OK wiwu-wi-c059-3-in-1-cable
  512/587 OK wiwu-wi-c060-3-in-1-cable
  513/587 OK xo-gb017a-3m-4k-hdmi-cable
  514/587 OK xo-gb017b-5m-4k-hdmi-cable
  515/587 OK xo-nb-q282b-1m-type-c-to-type-c-cable
  516/587 OK xo-nb103-3-in-1-fast-charging-cable
  517/587 OK xo-nb173-3-in-1-fast-charging-cable
  518/587 OK xo-nb230-3-in-1-fast-charging-cable
  519/587 OK xo-nb282-1-meter-usb-to-type-c-cable
  520/587 OK xo-nb283-4-in-1-fast-charging-cable
  521/587 OK xo-nb297-3-in-1-fast-charging-cable
  522/587 OK xtra-c60-1m-type-c-cable
  523/587 OK xtra-c65-1m-type-c-cable
  524/587 OK yison-celebrat-cb-09m-micro-usb-cable
  525/587 OK yison-celebrat-cb-22-a-l-lightning-cable
  526/587 OK yison-celebrat-cb-31-a-c-type-c-cable
  527/587 OK yison-celebrat-cb-31-a-c-white-type-c-cable
  528/587 OK yison-celebrat-cb-31-a-m-usb-cable
  529/587 OK yison-celebrat-cb-31-a-m-white-usb-cable
  530/587 OK yison-celebrat-cb-33-a-c-type-c-cable
  531/587 OK yison-celebrat-cb-33-a-c-white-type-c-cable
  532/587 OK yison-celebrat-cb-33-a-m-micro-usb-cable
  533/587 OK yison-celebrat-cb-33-a-m-white-micro-usb-cable
  534/587 OK yison-celebrat-hb-03-t-t-type-c-cable
  535/587 OK yison-celebrat-u600-white-type-c-cable
  536/587 OK yuanxin-x-3214-displayport-to-usb-type-c-cable
  537/587 OK yuanxin-x-3217h-usb-type-c-to-hdmi-cable
  538/587 OK yuanxin-x-kc801-usb-to-type-c-data-and-charging-cable
  539/587 OK yuanxin-x-kc802-usb-to-lightning-data-and-charging-cable
  540/587 OK yuanxin-x-kc803-usb-type-c-male-to-male-data-and-charging-cable
  541/587 OK yuanxin-x-kc805-type-c-male-to-lightning-male-data-and-charging-cable
  542/587 OK yuanxin-yax-001-audio-cable
  543/587 OK yuanxin-yax-002-audio-cable
  544/587 OK yuanxin-yax-003-audio-cable
  545/587 OK yuanxin-yax-006-audio-cable
  546/587 OK yuanxin-yax-008-audio-cable
  547/587 OK yuanxin-ydh-001-mini-displayport-male-to-hdmi-male-cable
  548/587 OK yuanxin-ydh-002-displayport-to-hdmi-cable
  549/587 OK yuanxin-ydh-003-dp-to-hdmi-cable
  550/587 OK yuanxin-ydp-001-displayport-male-to-male-cable
  551/587 OK yuanxin-ydp-002-mini-displayport-male-to-male-cable
  552/587 OK yuanxin-ydp-003-3m-displayport-cable
  553/587 OK yuanxin-ydp-003-mini-dp-male-to-dp-male-1-8-m-cable
  554/587 OK yuanxin-ydp-008-displayport-cable
  555/587 OK yuanxin-yhx-002-hdmi-male-to-male-cable
  556/587 OK yuanxin-yhx-003-3-meter-hdmi-cable
  557/587 OK yuanxin-yhx-017-hdmi-male-to-male-cable
  558/587 OK yuanxin-yhx-018-hdmi-male-to-male-cable
  559/587 OK yuanxin-yhx-020-hdmi-male-to-male-cable
  560/587 OK yuanxin-yhx-021-hdmi-cable
  561/587 OK yuanxin-yhx-022-hdmi-male-to-male-cable
  562/587 OK yuanxin-yhx-023-hdmi-cable
  563/587 OK yuanxin-ytx-025-type-c-cable
  564/587 OK yuanxin-ytx-026-type-c-cable
  565/587 OK yuanxin-ytx-027-type-c-cable
  566/587 OK yuanxin-yux-002-3m-printer-cable
  567/587 OK yuanxin-yux-002-usb-type-a-to-type-b-printer-cable
  568/587 OK yuanxin-yux-003-usb-male-to-micro-usb-cable
  569/587 OK yuanxin-yux-007-usb-male-to-female-extension-cable
  570/587 OK yuanxin-yux-008-usb-type-a-to-type-b-cable
  571/587 OK yuanxin-yux-009-1-5m-printer-cable
  572/587 OK yuanxin-yux-010-extension-cable
  573/587 OK yuanxin-yux-012-printer-cable
  574/587 OK yuanxin-yux-013-usb-cable
  575/587 OK yuanxin-yux-021-usb-male-to-female-extension-cable
  576/587 OK yuanxin-yux-022-usb-extension-cable
  577/587 OK yuanxin-yux-025-printer-cable
  578/587 OK yuanxin-yxb-13-printer-cable
  579/587 OK zoook-brazen-c-usb-type-c-rapid-charge-cable
  580/587 OK zoook-fastlink-c3-usb-type-c-rapid-charge-cable
  581/587 OK zoook-fastlink-i-lightning-rapid-charge-cable
  582/587 OK zoook-fastlink-m-micro-usb-rapid-charge-cable
  583/587 OK zoook-lightup-c-usb-type-c-breathable-led-fast-charging-cable
  584/587 OK zoook-magiclight-i-smart-led-fast-charging-cable
  585/587 OK zoook-magiclight-i3-smart-led-fast-charging-cable
  586/587 OK zoook-superfast-100w-c-usb-type-c-to-type-c-fast-charging-cable
  587/587 OK zoook-superfast-60w-c-usb-type-c-to-type-c-fast-charging-cable
COMPLETED accessories/cable.json: 584 products, 3 unmatched
GROUP accessories/capture-card.json: 14 images
  1/14 OK avermedia-gc311-capture-card
  2/14 OK avermedia-gc513-capture-card
  3/14 OK avermedia-gc551-capture-card
  4/14 OK avermedia-gc553g2-capture-card
  5/14 OK avermedia-gc553pro-capture-card
  6/14 OK avermedia-live-gamer-duo-gc570d-capture-card
  7/14 OK avermedia-live-gamer-hd-2-gc570-capture-card
  8/14 OK elgato-cam-link-4k-capture-card
  9/14 OK elgato-cam-link-pro-capture-card
  10/14 OK elgato-game-capture-4k-x-capture-card
  11/14 OK elgato-game-capture-neo-capture-card
  12/14 OK elgato-hd60-x-external-capture-card
  13/14 OK onten-otn-us331-hdmi-video-capture-card
  14/14 OK ugreen-cm489-video-capture-card
COMPLETED accessories/capture-card.json: 14 products, 0 unmatched
GROUP accessories/card-reader.json: 33 images
  1/33 OK amalink-al-cr531a-card-reader
  2/33 OK amalink-al-cr532-card-reader
  3/33 OK baseus-bh-oh069-card-reader
  4/33 OK bwoo-bo-bz64-type-c-card-reader
  5/33 OK bwoo-bo-bz70-lightning-otg-cable
  6/33 OK hiksemi-cr01-card-reader
  7/33 OK hiksemi-cr01-mini-card-reader
  8/33 OK hoco-hb20-mindful-usb-3-0-card-reader
  9/33 OK hoco-hb20-mindful-usb-card-reader
  10/33 OK hoco-hb39-card-reader
  11/33 OK hoco-hb45-card-reader
  12/33 OK hoco-hb45-spirit-card-reader
  13/33 OK hoco-hb45-spirit-usb-2-0-card-reader
  14/33 OK hoco-hb45-spirit-usb-card-reader
  15/33 OK onten-cr538s-card-reader
  16/33 OK onten-otn-5223-4-in-1-usb-hub
  17/33 OK onten-otn-91182-5-in-1-type-c-card-reader
  18/33 OK onten-otn-9597-4-in-1-type-c-hub
  19/33 OK onten-otn-cr532-type-c-card-reader
  20/33 OK onten-otn-cr633-cf-express-card-reader
  21/33 OK onten-otn-cr635-xqd-card-reader
  22/33 OK orico-cl4t-a3-multifunction-card-reader
  23/33 OK transcend-ts-rdc8k2-card-reader
  24/33 OK transcend-ts-rdf5k-usb-card-reader
  25/33 OK transcend-ts-rdf5r-usb-card-reader
  26/33 OK transcend-ts-rdf8k2-card-reader
  27/33 OK transcend-ts-rdf9k2-card-reader
  28/33 OK transcend-ts-rdp9k-otg-card-reader
  29/33 OK ugreen-cm304-2-in-1-card-reader
  30/33 OK ugreen-cm803-2-in-1-card-reader-65024
  31/33 OK ugreen-cm898-type-c-card-reader
  32/33 OK ugreen-cr125-3-in-1-type-a-to-sd-tf-card-reader
  33/33 OK ulanzi-cr1-card-reader
COMPLETED accessories/card-reader.json: 33 products, 0 unmatched
GROUP accessories/converter.json: 280 images
  1/280 OK amalink-al-uc602-type-c-to-lan-converter
  2/280 OK apple-lightning-to-3-5mm-headphone-jack-adapter
  3/280 OK anker-powerline-usb-c-to-usb-3-1-converter
  4/280 OK apple-mj1m2am-a-adapter
  5/280 OK baseus-call55-0a-lightning-male-to-dual-lightning-female-converter
  6/280 OK baseus-ingenuity-series-mini-otg-adapter
  7/280 OK baseus-ingenuity-series-mini-usb-type-c-usb-a-otg-adapter
  8/280 OK baseus-l54-type-c-to-3-5mm-adapter
  9/280 OK baseus-mini-adapter
  10/280 OK baseus-mini-usb-female-to-type-c-male-adapter-converter
  11/280 OK baseus-wkgq050013-4k-wireless-display-dongle-adapter
  12/280 OK belkin-avc002btbk-type-c-to-hdmi-converter
  13/280 OK belkin-f2cd079bt-hdmi-converter
  14/280 OK belkin-f2cu036btblk-3-0-usb-c-to-usb-a-adapter
  15/280 OK belkin-inc001btbk-type-c-converter
  16/280 OK boya-35c-xlr-pro-mini-jack-to-xlr-adapter-with-power-converter
  17/280 OK boya-by-ea2l-adapter
  18/280 OK boya-by-k3-trs-male-lightning-adapter
  19/280 OK boya-by-k4-trs-to-type-c-audio-adapter
  20/280 OK boya-dia-adapter-iv
  21/280 OK bwoo-bz-35-adapter
  22/280 OK bwoo-bz-37-adapter
  23/280 OK cudy-ue10a-usb-to-rj45-lan-converter
  24/280 OK cudy-ue10c-type-c-to-rj45-lan-converter
  25/280 OK dtech-dt-2904-usb-to-vga-converter
  26/280 OK dtech-dt-2905-usb-to-hdmi-converter
  27/280 OK dtech-dt-2906-usb-to-vga-and-hdmi-converter
  28/280 OK dtech-dt-2943-type-c-to-lan-converter
  29/280 OK dtech-dt-2944-usb-to-lan-converter
  30/280 OK dtech-dt-2959b-type-c-converter
  31/280 OK dtech-dt-2959s-type-c-converter
  32/280 OK dtech-dt-2980-otg-converter
  33/280 OK dtech-dt-5001a-usb-to-rs232-converter
  34/280 OK dtech-dt-5015-usb-extender
  35/280 OK dtech-dt-5044-rs232-splitter
  36/280 OK dtech-dt-5047-rs232-splitter
  37/280 OK dtech-dt-5048-rs232-splitter
  38/280 OK dtech-dt-6004-usb-to-lan-converter
  39/280 OK dtech-dt-6006-converter
  40/280 OK dtech-dt-6404-converter
  41/280 OK dtech-dt-6505-displayport-to-hdmi-converter
  42/280 OK dtech-dt-6509-mini-displayport-to-vga-converter
  43/280 OK dtech-dt-6506-displayport-to-vga-converter
  44/280 OK dtech-dt-6515-hdmi-to-vga-converter
  45/280 OK dtech-dt-6518-converter
  46/280 OK dtech-dt-6550-usb-to-lan-converter
  47/280 OK dtech-dt-7004b-vga-to-hdmi-converter
  48/280 OK dtech-dt-7009c-hdmi-extender
  49/280 OK dtech-dt-7018-hdmi-switch
  50/280 OK dtech-dt-7019a-converter
  51/280 OK dtech-dt-7026-vga-switch
  52/280 OK dtech-dt-7021-hdmi-switch
  53/280 OK dtech-dt-7027-vga-switch
  54/280 OK dtech-dt-7032-vga-switch
  55/280 OK dtech-dt-7034-vga-switch
  56/280 OK dtech-dt-7043r-hdmi-extender
  57/280 OK dtech-dt-7043s-hdmi-extender
  58/280 OK dtech-dt-7046r-hdmi-extender
  59/280 OK dtech-dt-7046s-hdmi-extender
  60/280 OK dtech-dt-7050-hdmi-extender
  61/280 OK dtech-dt-7053-hdmi-extender
  62/280 OK dtech-dt-7054a-hdmi-extender
  63/280 OK dtech-dt-7060r-hdmi-extender
  64/280 OK dtech-dt-7060s-hdmi-extender
  65/280 OK dtech-dt-7068r-hdmi-extender
  66/280 OK dtech-dt-7068s-hdmi-extender
  67/280 OK dtech-dt-7073-hdmi-extender
  68/280 OK dtech-dt-7084-hdmi-extender
  69/280 OK dtech-dt-7084r-hdmi-extender
  70/280 OK dtech-dt-7084s-hdmi-extender
  71/280 OK dtech-dt-7132-hdmi-splitter
  72/280 OK dtech-dt-7142-hdmi-splitter
  73/280 OK dtech-dt-7144-hdmi-splitter
  74/280 OK dtech-dt-7144a-4kx2k-hdmi-splitter-1x4
  75/280 OK dtech-dt-7148-hdmi-splitter
  76/280 OK dtech-dt-7212-hdmi-splitter
  77/280 OK dtech-dt-7214-gs-hdmi-splitter
  78/280 OK dtech-dt-7218-hdmi-splitter
  79/280 OK dtech-dt-7222w-hdmi-switcher
  80/280 OK dtech-dt-7224w-hdmi-switch
  81/280 OK dtech-dt-7252-vga-splitter
  82/280 OK dtech-dt-7254-4-port-vga-splitter
  83/280 OK dtech-dt-7258-vga-splitter
  84/280 OK dtech-dt-8321-usb-switch
  85/280 OK dtech-dt-8341-usb-switch
  86/280 OK dtech-dt-9000-rs232-to-rs485-converter
  87/280 OK dtech-dt-9004-rs232-to-rs485-converter
  88/280 OK dtech-dt-ub092-usb-to-hdmi-converter
  89/280 OK dtech-rs232-to-rs485-converter
  90/280 OK fjgear-fj-2004-4-port-vga-splitter
  91/280 OK fjgear-fj-201as-2-port-vga-switch
  92/280 OK fjgear-fj-2504a-4-port-vga-splitter
  93/280 OK gopro-pro-3-5mm-mic-adapter
  94/280 OK hdmi-to-vga
  95/280 OK hoco-hb21-type-c-to-hdmi-converter
  96/280 OK hoco-hb30-eco-type-c-converter
  97/280 OK hoco-ls31-adapter-dual-lightning-audio-converter
  98/280 OK hoco-ua17-type-c-male-to-usb-female-adapter
  99/280 OK hoco-ua19-easy-flow-type-c-hdmi-adapter
  100/280 OK hoco-ua20-presage-type-c-to-hdmi-converter
  101/280 OK hoco-ua21-type-c-to-vga-converter
  102/280 OK hoco-ua29-converter
  103/280 OK ldnio-lc140-otg-converter
  104/280 OK ldnio-lc150-converter
  105/280 OK ldnio-lc260-converter
  106/280 OK ldnio-lc270-converter
  107/280 OK ldnio-lc280-converter
  108/280 OK ldnio-ls-t80i-audio-converter
  109/280 OK ldnio-ls-t90i-converter
  110/280 OK ldnio-ls-y80c-converter
  111/280 OK ldnio-ls-y90c-audio-converter
  112/280 OK linksys-usb3gig-gigabit-ethernet-adapter
  113/280 OK micro-usb-plus-usb-c-usb-adapter
  114/280 OK micropack-mdc-4hvp-flash-mini-adapter
  115/280 OK mini-hdmi-adapter
  116/280 OK onten-otn-5117-converter
  117/280 OK onten-otn-5118-dp-to-vga-converter
  118/280 OK onten-otn-5311t-converter
  119/280 OK onten-otn-7593b-3-in-1-out-hdmi-switch
  120/280 OK onten-otn-9130-type-c-converter
  121/280 OK onten-otn-cs118-8-port-hdmi-splitter
  122/280 OK onten-otn-cs144-4-in-1-hdmi-splitter
  123/280 OK onten-otn-cs144s-hdmi-splitter
  124/280 OK onten-otn-cs21-hdmi-switcher
  125/280 OK onten-otn-cs341-hdmi-splitter
  126/280 OK onten-otn-dp935-displayport-splitter
  127/280 OK onten-otn-hd708-hdmi-converter
  128/280 OK onten-otn-lt101-otg-converter
  129/280 OK onten-ue106-ethernet-adapter
  130/280 OK onten-ue106-plus-ethernet-adapter
  131/280 OK optoma-whd221-wireless-transmitter-receiver
  132/280 OK orico-20uts-hard-drive-adapter
  133/280 MISS oraimo-oaa-310type-c-to-3-5mm-audio-converter
  134/280 OK orico-35uts-hard-drive-adapter
  135/280 OK orico-ac-10-gy-type-c-adapter
  136/280 OK orico-ah-ac10-usb-3-1-to-type-c-adapter
  137/280 OK orico-axcp-02-type-c-converter
  138/280 OK orico-cbt-um01-micro-b-to-usb3-0-adapter
  139/280 OK orico-cbt-ut01-type-c-to-usb3-0-adapter-black
  140/280 OK orico-cbt-ut01-type-c-to-usb3-0-adapter-silver
  141/280 OK orico-cth-type-c-to-hdmi-adapter
  142/280 OK orico-ctv-type-c-to-vga-adapter
  143/280 OK orico-hdmi-to-vga-adapter
  144/280 OK orico-mt01-micro-b-to-type-c-magnetic-adapter
  145/280 OK orico-uth-usb-3-0-to-hdmi-adapter
  146/280 OK orico-xc-r45-type-c-gigabit-ethernet-adapter
  147/280 OK orico-xd-hlfv-hdmi-to-vga-m-to-f-audio-video-convertor
  148/280 OK qgeem-qg-ua15-type-c-to-3-5mm-converter
  149/280 OK qgeem-qg-uh02-1-adapter
  150/280 OK qgeem-qg-uh02-2-adapter
  151/280 OK redragon-eris-ga-200-converter
  152/280 OK surpass-l-24-converter
  153/280 OK surpass-me-27-type-c-to-usb-otg-converter
  154/280 OK surpass-tu-30-converter
  155/280 OK trendnet-tu-s9-usb-to-serial-converter
  156/280 OK trendnet-tuc-et2g-converter
  157/280 OK trendnet-tuc-etg-converter
  158/280 OK ugreen-20503-converter-adapter
  159/280 OK ugreen-30155-adapter
  160/280 OK ugreen-40201-hdmi-female-to-female-converter
  161/280 OK ugreen-40202-1x4-hdmi-amplifier-splitter
  162/280 OK ugreen-av161-usb-type-c-to-3-5-mm-cable
  163/280 OK ugreen-av162-6-5mm-female-to-cannon-xlr-male-converter
  164/280 OK ugreen-av162-cannon-xlr-male-to-6-5mm-female-converter
  165/280 OK ugreen-cm186-1-in-2-out-hdmi-splitter
  166/280 OK ugreen-cm193-type-c-to-3-5mm-audio-adapter
  167/280 OK ugreen-cm217-bi-direction-hdmi-splitter
  168/280 OK ugreen-cm231-audio-adapter
  169/280 OK ugreen-cm232-usb-type-c-to-headphone-charging-adapter
  170/280 OK ugreen-cm257-usb-to-sata-converter
  171/280 OK ugreen-cm326-usb-converter
  172/280 OK ugreen-cm383-3-5mm-to-usb-audio-converter
  173/280 OK ugreen-cm429-female-to-female-hdmi-extension-adapter
  174/280 OK ugreen-cm449-usb-a-to-hdmi-vga-converter
  175/280 OK ugreen-cm460-type-c-to-3-5mm-adapter
  176/280 OK ugreen-cm523-usb-2-0-to-3-5mm-bluetooth-adapter
  177/280 OK ugreen-cm568-hdmi-switch
  178/280 OK ugreen-cm570-hdmi-splitter
  179/280 OK ugreen-cm586-hdmi-converter
  180/280 OK ugreen-cm611-hdmi-to-vga-adapter
  181/280 OK ugreen-cm848-type-c-adapter
  182/280 OK ugreen-dp109-dp-male-to-vga-female-converter
  183/280 OK ugreen-hd112-hdmi-male-to-female-down-converter
  184/280 OK ugreen-hd159-8k-hdmi-female-to-female-converter
  185/280 OK ugreen-hdmi-amplifier-splitter
  186/280 OK ugreen-hdmi-male-to-female-up-converter
  187/280 OK ugreen-hdmi-to-vga-hdmi-converter
  188/280 OK ugreen-ls502-converter
  189/280 OK ugreen-md112-mini-displayport-to-hdmi-converter
  190/280 OK ugreen-mm137-displayport-hdmi-converter
  191/280 OK ugreen-mm102-hdmi-to-vga-converter
  192/280 OK ugreen-mm137-displayport-to-hdmi-converter
  193/280 OK ugreen-network-adapter-usb-to-ethernet-rj45-lan-gigabit-converter
  194/280 OK ugreen-type-c-to-dp-converter
  195/280 MISS ugreen-type-c-to-3-5mm-female-cable
  196/280 OK ugreen-type-c-to-hdmi-and-vga-converter
  197/280 OK ugreen-us154-type-c-to-usb-female-cable
  198/280 OK ugreen-us133-otg-cable
  199/280 OK ugreen-us157-type-c-to-micro-usb-adapter
  200/280 OK ugreen-us173-adapter
  201/280 OK ugreen-us212-3-5mm-to-lightning-audio-converter
  202/280 OK ugreen-us236-type-c-to-lan-ethernet-converter
  203/280 OK ugreen-us270-type-c-adapter
  204/280 OK ugreen-us276-adapter
  205/280 OK ugreen-us280-usb-male-to-type-c-converter
  206/280 OK ugreen-us282-type-c-to-micro-usb-adapter
  207/280 OK ugreen-us381-usb-converter
  208/280 OK ugreen-us382-converter
  209/280 OK ugreen-us701-type-c-adapter
  210/280 OK ugreen-usb-c-to-hdmi-vga-converter-with-pd
  211/280 OK ugreen-usb-type-c-to-hdmi-adapter-white
  212/280 OK ugreen-usb-type-c-to-hdmi-converter
  213/280 OK valdus-va27-converter
  214/280 OK vention-42154-hdmi-to-vga-converter
  215/280 OK vention-accg0-hdmi-splitter
  216/280 OK vention-acdg0-5-in-1-hdmi-switcher
  217/280 OK vention-aceb0-vga-to-hdmi-converter
  218/280 OK vention-acnbb-vga-to-hdmi-converter
  219/280 OK vention-acpbb-hdmi-to-vga-converter
  220/280 OK vention-acyhb-type-c-and-usb-a-to-hdmi-adapter
  221/280 OK vention-aczhb-type-c-to-hdmi-converter
  222/280 OK vention-adcb0-wireless-hdmi-transmitter-receiver
  223/280 OK vention-adobb-wireless-type-c-to-hdmi-converter
  224/280 OK vention-aeeb0-hdmi-female-to-rca-av-converter
  225/280 OK vention-affh0-hdmi-switcher
  226/280 OK vention-afjh0-3-in-1-out-hdmi-switcher
  227/280 OK vention-afuh0-hdmi-bi-direction-switcher
  228/280 OK vention-afvhb-hdmi-to-hdmi-and-vga-converter
  229/280 OK vention-agfb0-micro-and-mini-hdmi-to-hdmi-converter
  230/280 OK vention-aidb0-hdmi-to-vga-converter
  231/280 OK vention-aikb0-hdmi-to-dvi-converter
  232/280 OK vention-aimb0-hdmi-male-to-female-converter
  233/280 OK vention-aiob0-hdmi-male-to-female-adapter
  234/280 OK vention-aipb0-hdmi-converter
  235/280 OK vention-airb0-hdmi-female-coupler-adapter
  236/280 OK vention-akob0-hdmi-switcher
  237/280 OK vention-akqb0-eu-4k-hdmi-splitter
  238/280 OK vention-bdaw0-3-5mm-to-2x3-5mm-audio-splitter
  239/280 OK vention-bdbw0-3-5mm-male-audio-converter
  240/280 OK vention-bglha-type-c-audio-converter
  241/280 OK vention-bgsha-type-c-converter
  242/280 OK vention-bgwh0-type-c-to-audio-adapter
  243/280 OK vention-ccvbb-type-c-to-usb-type-a-otg-cable
  244/280 OK vention-cdib0-otg-adapter-for-android
  245/280 OK vention-cdqh0-usb-type-c-to-usb-otg-adapter
  246/280 OK vention-cdrbb-usb-2-0-external-stereo-sound-adapter
  247/280 OK vention-cdwb0-usb-to-usb-type-c-adapter
  248/280 OK vention-cewhb-gigabit-ethernet-adapter
  249/280 OK vention-crebc-hdmi-converter
  250/280 OK vention-ecdb0-dvi-to-hdmi-converter
  251/280 OK vention-hbfbb-dp-to-vga-adapter-converter
  252/280 OK vention-hbgbb-displayport-to-hdmi-converter
  253/280 OK vention-hbob0-dp-to-hdmi-adapter-converter
  254/280 OK vention-tcdh0-type-c-to-hdmi-converter
  255/280 OK vention-tdcbb-type-c-hdmi-adapter
  256/280 OK vention-tfahb-type-c-to-hdmi-vga-usb-pd-converter
  257/280 OK vention-vab-s01-l-3-5mm-to-6-5mm-audio-converter
  258/280 OK vention-vab-s17-b-usb-metal-external-sound-card
  259/280 OK vga-splitter-4-port
  260/280 OK wiwu-legend-type-c-to-lighting-converter
  261/280 OK wiwu-lt02-pro-audio-adapter
  262/280 OK wiwu-lt08-audio-converter
  263/280 OK wiwu-wi-c052-a-c-usb-to-type-c-converter
  264/280 OK wiwu-wi-c052-c-l-type-c-to-lightning-converter
  265/280 OK xo-hub018-usb-c-and-usb-a-to-adapter
  266/280 OK yuanxin-x-3186h-type-c-to-hdmi-female-converter
  267/280 OK yuanxin-x-3212-type-c-to-vga-converter
  268/280 OK yuanxin-x-3215-type-c-to-hdmi-usb-pd-female-converter
  269/280 OK yuanxin-x-3218-type-c-male-to-hdmi-vga-female-converter
  270/280 OK yuanxin-x-3220-dvi-to-vga-converter
  271/280 OK yuanxin-x-3402-type-c-to-hdmi-vga-usb-pd-converter
  272/280 OK yuanxin-x-3519-converter
  273/280 OK yuanxin-x-3562t-type-c-to-lan-converter
  274/280 OK yuanxin-x-d3130-type-c-to-hdmi-converter
  275/280 OK yuanxin-ydp-010-mini-displayport-to-hdmi-converter
  276/280 OK yuanxin-ydp-012-mini-displayport-male-to-vga-female-converter
  277/280 OK yuanxin-ydp-013-displayport-to-vga-converter
  278/280 OK yuanxin-yhv-011-hdmi-to-vga-converter
  279/280 OK yuanxin-ydp-015-displayport-to-dvi-converter
  280/280 OK yuanxin-yvh-001-vga-male-to-hdmi-female-converter
COMPLETED accessories/converter.json: 278 products, 2 unmatched
GROUP accessories/digital-voice-recorder.json: 21 images
  1/21 OK boya-notra-ai-voice-recorder
  2/21 OK philips-dvt1170-digital-voice-recorder
  3/21 OK philips-dvt1600-audio-recorder-pen
  4/21 OK philips-dvt1160-digital-voice-recorder
  5/21 OK philips-dvt2075-digital-voice-recorder
  6/21 OK sony-icd-px240-digital-voice-recorder
  7/21 OK sony-icd-px370-digital-voice-recorder
  8/21 OK sony-icd-px470-digital-voice-recorder
  9/21 OK sony-pcm-a10-portable-linear-pcm-recorder
  10/21 OK sony-tx660-digital-voice-recorder
  11/21 OK sony-ux570f-digital-voice-recorder
  12/21 OK zoom-h1-essential-handy-audio-recorder
  13/21 OK zoom-h2-recorder
  14/21 OK zoom-h2n-handy-recorder
  15/21 OK zoom-h4-essential-handy-audio-recorder
  16/21 OK zoom-h4n-pro-4-channel-recorder
  17/21 OK zoom-h5-4-track-portable-recorder
  18/21 OK zoom-h6-essential-handy-audio-recorder
  19/21 OK zoom-h6-handy-recorder
  20/21 OK zoom-h8-portable-handy-recorder
  21/21 OK zoom-q2n-4k-handy-video-recorder
COMPLETED accessories/digital-voice-recorder.json: 21 products, 0 unmatched
GROUP accessories/hdd-ssd-enclosure.json: 89 images
  1/89 OK asus-rog-strix-arion-lite-enclosure
  2/89 OK jeyi-eagle2530-2-5-inch-external-hdd-enclosure
  3/89 OK cooler-master-oracle-air-nvme-ssd-enclosure
  4/89 OK jeyi-i8p-youth25bk-hdd-enclosure-protective-cover
  5/89 OK jeyi-i9-lensmen-camera-mounting-ssd-enclosure
  6/89 OK jeyi-i9-mecha-nvme-ssd-enclosure
  7/89 OK jeyi-i9-seal-m2-ssd-enclosure
  8/89 OK jeyi-jy-35hdd-sata-hard-drive-enclosure
  9/89 OK jeyi-visual-smart-i9-tinywaist-ssd-enclosure
  10/89 OK jeyi-visual-smart-i9x-m2-ssd-enclosure
  11/89 OK jeyi-visual-smart-i9x-zebra-ssd-enclosure
  12/89 OK ocpc-azz-100-ssd-enclosure
  13/89 OK ocpc-azz-200-ssd-enclosure
  14/89 OK onten-otn-uca321-enclosure
  15/89 OK onten-otn-uca322-enclosure
  16/89 OK onten-otn-uca322-plus-ssd-enclosure
  17/89 OK onten-otn-uhd1-hdd-enclosure
  18/89 OK onten-otn-uhd2-hdd-enclosure
  19/89 OK onten-otn-uhd3-enclosure
  20/89 OK onten-otn-uhd6-hdd-docking-station
  21/89 OK orico-1-to-3-clone-external-hard-drive-dock
  22/89 OK orico-1106ss-internal-hard-drive-mounting-adapter
  23/89 OK orico-2020u3-hdd-enclosure
  24/89 OK orico-2129u3-sata-hdd-ssd-enclosure
  25/89 OK orico-2139u3-transparent-hard-drive-enclosure
  26/89 OK orico-2189u3-hard-drive-enclosure
  27/89 OK orico-2520u3-hdd-and-ssd-enclosure
  28/89 OK orico-2577c3-v1-hard-drive-enclosure
  29/89 OK orico-2577u3-bk-2-5-hard-drive-enclosure
  30/89 OK orico-25pw1-u3-usb-micro-b-hard-drive-enclosure
  31/89 OK orico-3588us3-sata-hdd-ssd-enclosure
  32/89 OK orico-6218us3-ssd-and-hdd-dock
  33/89 OK orico-6228us3-c-hard-drive-dock
  34/89 OK orico-6656c3-c-5-bay-sata-hdd-ssd-dock
  35/89 OK orico-6829c3-dual-bay-dock
  36/89 OK orico-9558u3-multi-bay-hard-drive-enclosure
  37/89 OK orico-am2c3-2n-dual-bay-enclosure
  38/89 OK orico-am2c3-2sn-dual-bay-enclosure
  39/89 OK orico-axm2s-g2-gy-m-2-ssd-enclosure
  40/89 OK orico-ddl35-c3-enclosure
  41/89 OK orico-ddl35-u3-hdd-enclosure
  42/89 OK orico-hdd-caddy-1125ss
  43/89 OK orico-m-2-type-c-nvme-ssd-enclosure
  44/89 OK orico-m206c3-g2-enclosure
  45/89 OK orico-m2pf-c3-m-2-type-c-ssd-enclosure
  46/89 OK orico-m2r2-g2-ssd-enclosure
  47/89 OK orico-m2vg01-c3-rgb-ssd-enclosure
  48/89 OK orico-ngff-hard-drive-enclosure
  49/89 OK orico-pdm2-expansion-card
  50/89 OK orico-pvm2f-c3-ngff-type-c-hard-drive-enclosure
  51/89 OK orico-pwm2-g2-nvme-ssd-enclosure
  52/89 OK orico-pwm2-type-c-m-2-enclosure
  53/89 OK orico-tcm2-c3-nvme-m-2-ssd-enclosure
  54/89 OK orico-tcm2-c3-sata-ssd-enclosure
  55/89 OK orico-tx25c3-gy-type-c-transparent-enclosure
  56/89 OK oscoo-hd1-hdd-enclosure
  57/89 OK oscoo-lt3-ssd-enclosure
  58/89 OK oscoo-sp2-ssd-enclosure
  59/89 OK patriot-txd-ssd-enclosure
  60/89 OK ugreen-2-5-inch-hard-drive-enclosure
  61/89 OK ugreen-cm300-2-5-sata-hard-drive-enclosure
  62/89 OK ugreen-cm300-2-5-sata-hdd-enclosure
  63/89 OK ugreen-cm400-m-2-sata-and-nvme-ssd-enclosure
  64/89 OK ugreen-cm400-ssd-enclosure
  65/89 OK ugreen-cm400-usb-c-to-m-2-sata-ssd-enclosure
  66/89 OK ugreen-cm578-nvme-ssd-enclosure
  67/89 OK ugreen-cm642-ssd-enclosure
  68/89 OK ugreen-cm767-ssd-enclosure
  69/89 OK ugreen-cm767-type-c-ssd-enclosure
  70/89 OK ugreen-cm777-ssd-enclosure
  71/89 OK ugreen-d619-ssd-enclosure
  72/89 OK ugreen-d703-nvme-ssd-enclosure
  73/89 OK ugreen-hard-disk-storage-bag-large-size
  74/89 OK ugreen-m2-ssd-6gbps-enclosure
  75/89 OK ugreen-sata-usb-hard-disk-enclosure
  76/89 OK ugreen-us221-hard-drive-enclosure
  77/89 OK ugreen-us222-sata-enclosure
  78/89 OK ugreen-usb-type-c-sata-iii-hard-drive-enclosure
  79/89 OK vention-kpab0-hdd-enclosure
  80/89 OK vention-kpbb0-hdd-enclosure
  81/89 OK vention-kpkh0-m-2-nvme-ssd-enclosure
  82/89 OK yuanxin-yph-023-hdd-ssd-enclosure
  83/89 OK yuanxin-yph-025-hdd-enclosure
  84/89 OK yuanxin-yph-027-hdd-enclosure
  85/89 OK yuanxin-yph-033-hdd-enclosure-with-adapter
  86/89 OK yuanxin-yph-037-ssd-enclosure
  87/89 OK yuanxin-yph-038-ssd-enclosure
  88/89 OK yuanxin-yph-050-hdd-enclosure-with-adapter
  89/89 OK yuanxin-yph-051-hdd-ssd-enclosure
COMPLETED accessories/hdd-ssd-enclosure.json: 89 products, 0 unmatched
GROUP accessories/headphone.json: 747 images
  1/747 OK a4-tech-hs-30-headphone
  2/747 OK a4tech-bh235-fstyler-wireless-headphone
  3/747 OK a4tech-bloody-g220s-headphone
  4/747 OK a4tech-bh300-bluetooth-wireless-headset
  5/747 OK a4tech-bloody-g230p-gaming-headphone
  6/747 OK a4tech-bloody-g350-rgb-headphone
  7/747 OK a4tech-bloody-g520s-gaming-headphone
  8/747 OK a4tech-bloody-g521s-headphone
  9/747 OK a4tech-bloody-g525-gaming-headphone
  10/747 OK a4tech-bloody-g528-rgb-gaming-headphone
  11/747 OK a4tech-bloody-g528c-rgb-gaming-headphone
  12/747 OK a4tech-bloody-g565-headphone
  13/747 OK a4tech-bloody-g575-rgb-gaming-headset
  14/747 OK a4tech-bloody-g600i-gaming-headphone
  15/747 OK a4tech-bloody-gr280-gaming-headphone
  16/747 OK a4tech-bloody-gr285-headphone
  17/747 OK a4tech-bloody-m320-headphone
  18/747 OK a4tech-bloody-m590i-gaming-headphone
  19/747 OK a4tech-bloody-m595-headphone
  20/747 OK a4tech-bloody-mr710-wireless-rgb-gaming-headphone
  21/747 OK a4tech-bloody-mr720-rgb-wireless-gaming-headphone
  22/747 OK a4tech-bloody-mr720-wireless-gaming-headphone
  23/747 OK a4tech-fh200i-headphone
  24/747 OK a4tech-fh280u-fstyler-foldable-headphone
  25/747 OK a4tech-fh300u-fstyler-stereo-usb-headphone
  26/747 OK a4tech-fstyler-bh220-wireless-headphone
  27/747 OK a4tech-fstyler-bh350c-anc-wireless-headphone
  28/747 OK a4tech-fstyler-fh150u-usb-headphone
  29/747 OK a4tech-g200s-bloody-headphone
  30/747 OK a4tech-g430-bloody-glare-gaming-headphone
  31/747 OK a4tech-g437-bloody-gaming-headphone
  32/747 OK a4tech-g437-bloody-gaming-headphone-g
  33/747 OK a4tech-g520bloody-gaming-headphone
  34/747 OK a4tech-g530bloody-gaming-headphone
  35/747 OK a4tech-g650s-gaming-headphone-black
  36/747 OK a4tech-hs-19-headphone
  37/747 OK a4tech-hs-28-headphone
  38/747 OK a4tech-hs-9-stereo-headphone
  39/747 OK a4tech-hu-35-headphone
  40/747 OK acefast-h10-wireless-bluetooth-headphone
  41/747 OK acefast-h11-wireless-headphone
  42/747 OK acefast-h12-anc-wireless-bluetooth-headphone
  43/747 OK acefast-h13-wireless-headphone
  44/747 OK acefast-h16-wired-headphone
  45/747 OK acefast-h5-anc-bluetooth-headphone
  46/747 OK acefast-h6-anc-bluetooth-headphone
  47/747 OK acefast-h9-bluetooth-headphone
  48/747 OK ajazz-ahm08-max-tri-mode-headphone
  49/747 OK acefast-h8-bluetooth-headphone
  50/747 OK ajazz-ahm09-max-headphone
  51/747 OK ajazz-ahm10-max-headphone
  52/747 OK ajazz-ahw10-headphone
  53/747 OK akg-k240-mkii-professional-studio-headphones
  54/747 OK akg-k240-studio-professional-headphone
  55/747 OK akg-k52-closed-back-headphone
  56/747 OK akg-k92-professional-headphone
  57/747 OK akg-pro-audio-k72-closed-back-headphone
  58/747 OK anker-soundcore-h30i-wireless-headphones
  59/747 OK anker-soundcore-life-2-neo-bluetooth-over-ear-headphones
  60/747 OK anker-soundcore-life-q20-plus-bluetooth-headphone
  61/747 OK anker-soundcore-life-q30-bluetooth-over-ear-headphones
  62/747 OK anker-soundcore-q10i-headphone
  63/747 OK anker-soundcore-q11i-headphone
  64/747 OK anker-soundcore-q20i-headphone
  65/747 OK anker-soundcore-space-one-headphone
  66/747 OK anker-soundcore-space-one-pro-headphone
  67/747 OK anker-soundcore-space-q45-bluetooth-headphone
  68/747 OK anker-soundcore-strike-3-headset
  69/747 OK apple-airpods-max
  70/747 OK asus-h3-tuf-gaming-headphone
  71/747 OK asus-rog-delta-ii-headphone
  72/747 OK asus-rog-fusion-ii-500-gaming-headphone
  73/747 OK asus-rog-kithara-wired-headset
  74/747 OK asus-rog-strix-fusion-500-gaming-headset
  75/747 OK asus-rog-strix-go-2-4-wireless-gaming-headphone
  76/747 OK asus-tuf-gaming-h1-gen-ii-gaming-headphone
  77/747 OK asus-tuf-gaming-h1-wireless-headphone
  78/747 OK asus-tuf-gaming-h3-red-and-gun-metal-color-gaming-headphone
  79/747 OK asus-tuf-gaming-h7-core-stereo-gaming-headphone
  80/747 OK audio-technica-ath-m20x-headphone
  81/747 OK audio-technica-ath-m20xbt-headphone
  82/747 OK audio-technica-ath-m30x-headphone
  83/747 OK audio-technica-ath-m40x-headphone
  84/747 OK audio-technica-ath-m50x
  85/747 OK audio-technica-ath-m50xbt2-wireless-headphone
  86/747 OK audio-technica-ath-m50xsts-streamset-streaming-headset
  87/747 OK audio-technica-ath-m70x-headphone
  88/747 OK audio-technica-ath-r30x-studio-headphone
  89/747 OK aula-f608-wireless-gaming-headphone
  90/747 OK aula-g7-wireless-headset
  91/747 OK aula-s503-gaming-headphone
  92/747 OK aula-s505-gaming-headphone
  93/747 OK aula-s506-gaming-headphone
  94/747 OK aula-s6-bluetooth-wireless-gaming-headphone
  95/747 OK aula-s600-wired-gaming-headphone
  96/747 OK aula-s605-rgb-wired-headphone
  97/747 OK aula-s606-headphone
  98/747 OK aula-s608-rgb-wired-headphone
  99/747 OK awei-a100bl-wireless-headphone
  100/747 OK awei-a360bl-bluetooth-headphone
  101/747 OK awei-a770bl-wireless-headphone
  102/747 OK awei-a780bl-wireless-stereo-headphone
  103/747 OK awei-a800bl-bluetooth-headphone
  104/747 OK awei-a997-pro-anc-bluetooth-headphone
  105/747 OK awei-a997bl-bluetooth-headphone
  106/747 OK awei-at5-anc-wireless-bluetooth-headphone
  107/747 OK awei-at6-stereo-bluetooth-headphone
  108/747 OK awei-at7-stereo-bluetooth-headphone
  109/747 OK awei-at8-bluetooth-headphone
  110/747 OK awei-es-770i-gaming-headset
  111/747 OK awei-gm-11-gaming-headset
  112/747 OK awei-gm-6-wired-headset
  113/747 OK baseus-bass-35-max-wireless-headphone
  114/747 OK baseus-bowie-d05-headphone
  115/747 OK baseus-bowie-h1i-3d-anc-headphone
  116/747 OK baseus-bowie-h1i-headphone
  117/747 OK beyerdynamic-dt-770-pro-250-ohm-studio-headphone
  118/747 OK beyerdynamic-dt-990-pro-headphone
  119/747 OK bose-quietcomfort-45-noise-canceling-wireless-headphone
  120/747 OK boya-hp3-headphone
  121/747 OK bwoo-bo-bw586-bluetooth-headphone
  122/747 OK bwoo-bo-bw589-headphone
  123/747 OK corsair-hs35-stereo-blue-gaming-headphone
  124/747 OK corsair-hs35-stereo-gaming-headphone
  125/747 OK corsair-hs35-stereo-green-gaming-headphone
  126/747 OK corsair-hs35-stereo-red-gaming-headphone
  127/747 OK corsair-hs35-surround-v2-gaming-headphone
  128/747 OK corsair-hs35-v2-wired-gaming-headphone
  129/747 OK corsair-hs35-v3-stereo-gaming-headset
  130/747 OK corsair-hs45-gaming-headset
  131/747 OK corsair-hs50-carbon-headset
  132/747 OK corsair-hs50-pro-headset
  133/747 OK corsair-hs50-pro-headset-blue
  134/747 OK corsair-hs55-stereo-wired-gaming-headphone
  135/747 OK corsair-hs55-stereo-wired-gaming-headphone-white
  136/747 OK corsair-hs55-surround-gaming-headphone
  137/747 OK corsair-hs55-surround-gaming-headphone-white
  138/747 OK corsair-hs55-wireless-core-gaming-headphone
  139/747 OK corsair-hs60-haptic-stereo-gaming-headset
  140/747 OK corsair-hs60-pro-gaming-headphone-yellow
  141/747 OK corsair-hs60-pro-headset
  142/747 OK corsair-hs65-surround-gaming-headphone
  143/747 OK corsair-hs65-surround-gaming-headphone-white
  144/747 OK corsair-hs65-v2-wireless-gaming-headset
  145/747 OK corsair-hs70-gaming-headphone
  146/747 OK corsair-hs70-pro-headset
  147/747 OK corsair-hs80-max-gaming-headphone
  148/747 OK corsair-hs80-rgb-usb-gaming-headphone
  149/747 OK corsair-hs80-rgb-wireless-gaming-headphone
  150/747 OK corsair-virtuoso-rgb-wireless-gaming-headset
  151/747 OK corsair-virtuoso-se-headphone
  152/747 OK corsair-void-elite-rgb-wireless-gaming-headphone
  153/747 OK corsair-void-elite-rgb-gaming-headphone
  154/747 OK corsair-void-pro-dolby-premium-gaming-headphone
  155/747 OK dareu-eh416s-gaming-headset
  156/747 OK dareu-eh745s-stereo-gaming-headset
  157/747 OK earfun-wave-pro-wireless-headphone
  158/747 OK edifier-cc200-wireless-mono-headset
  159/747 OK edifier-g1-professional-gaming-headphone
  160/747 OK edifier-g1-se-gaming-headset
  161/747 OK edifier-g2-engage-gaming-headphone
  162/747 OK edifier-g20-7-1-surround-sound-wired-gaming-headset
  163/747 OK edifier-g2ii-gaming-headset
  164/747 OK edifier-g3-gaming-headphone
  165/747 OK edifier-g4-gaming-headphone
  166/747 OK edifier-h650-wired-headphone
  167/747 OK edifier-h690-on-ear-wired-headphone
  168/747 OK edifier-h840-headphone
  169/747 OK edifier-h850-headphone
  170/747 OK edifier-hecate-g20-gaming-headset
  171/747 OK edifier-hecate-g2bt-bluetooth-gaming-headphone
  172/747 OK edifier-hecate-g30-ii-over-ear-wired-gaming-headphone
  173/747 OK edifier-hecate-g30s-wireless-gaming-headset
  174/747 OK edifier-hecate-g5bt-cat-wireless-gaming-headphone
  175/747 OK edifier-k550-double-plug-headphone
  176/747 OK edifier-k550-headphone
  177/747 OK edifier-k6500-usb-over-ear-headphone
  178/747 OK edifier-k800-dual-plug-headphone
  179/747 OK edifier-k800-headphone
  180/747 OK edifier-k800-usb-headphone
  181/747 OK edifier-k830-headphone
  182/747 OK edifier-p650-headphone
  183/747 OK edifier-stax-spirit-s3-wireless-headphone
  184/747 OK edifier-p841-headphone
  185/747 OK edifier-usb-k815-over-ear-headphone
  186/747 OK edifier-w570bt-wireless-headphone
  187/747 OK edifier-w600bt-bluetooth-stereo-headphone
  188/747 OK edifier-w800bt-headphone
  189/747 OK edifier-w675bt-bluetooth-earphone
  190/747 OK edifier-w800bt-plus-headphone
  191/747 OK edifier-w800bt-pro-bluetooth-headphone
  192/747 OK edifier-w800bt-se-bluetooth-headphone
  193/747 OK edifier-w820nb-plus-wireless-over-ear-headphone
  194/747 OK edifier-w828nb-noise-canceling-wireless-headphones
  195/747 OK edifier-w830nb-bluetooth-headphone
  196/747 OK edifier-w860nb-over-ear-bluetooth-gold-headphone
  197/747 OK edifier-w860nb-over-ear-bluetooth-headphone
  198/747 OK edifier-wh700nb-bluetooth-headphone
  199/747 OK edifier-wh700nb-pro-bluetooth-headphone
  200/747 OK edifier-wh950nb-wireless-over-ear-headphone
  201/747 OK eksa-e1000-usb-gaming-headset
  202/747 OK eksa-e1000-v2-rgb-gaming-headphone
  203/747 OK eksa-e3z-air-joy-plus-gaming-headset
  204/747 OK eksa-e1000-wt-enc-wireless-gaming-headphone
  205/747 OK eksa-e4-aircomfy-noise-cancelling-headphone
  206/747 OK eksa-e7000-fenrir-gaming-headset
  207/747 OK eksa-e900-bt-enc-wireless-gaming-headphone
  208/747 OK eksa-e900-gaming-headset
  209/747 OK eksa-e900-pro-gaming-headset
  210/747 OK eksa-e900-pro-gaming-headset-yellow
  211/747 OK eksa-h12-wired-telecom-headset
  212/747 OK eksa-star-engine-e5000s-gaming-headphone
  213/747 OK eksa-starengine-pro-gaming-headset
  214/747 OK emeet-geniuscall-hs50-headphone
  215/747 OK fantech-alto-hg26-gaming-headphone
  216/747 OK fantech-alto-mh91-gaming-headphone
  217/747 OK fantech-blitz-mh87-multi-platform-gaming-headset
  218/747 OK fantech-blitz-mh87-sakura-edition-gaming-headset
  219/747 OK fantech-carbon-7-1-hg30-gaming-headphone
  220/747 OK fantech-chief-ii-hg20-rgb-gaming-headphone
  221/747 OK fantech-chief-ii-hg20-sakura-edition-gaming-headphone
  222/747 OK fantech-go-tune-wh06-wireless-headphone
  223/747 OK fantech-go-vibe-wh05-wireless-headphone
  224/747 OK fantech-hg-2-clink-headset
  225/747 OK fantech-hg11-captain-7-1-sakura-edition-gaming-headphone
  226/747 OK fantech-hg11-captain-headset
  227/747 OK fantech-hg11-captain-se-headset
  228/747 OK fantech-hg11-pro-rgb-gaming-headset
  229/747 OK fantech-hg13-chief-headset
  230/747 OK fantech-hg15-captain-headset
  231/747 OK fantech-hg16-sniper-headphone
  232/747 OK fantech-hg17-visage-ii-headset
  233/747 OK fantech-hg17s-visage-ii-space-edition-headset
  234/747 OK fantech-hg19-iris-headset
  235/747 OK fantech-hg22-fusion-headphone
  236/747 OK fantech-hg23-octane-headset
  237/747 OK fantech-hg29-aurora-7-1-rgb-gaming-headphone
  238/747 OK fantech-hq50-headset
  239/747 OK fantech-hq52-tone-gaming-headphone
  240/747 OK fantech-hq52s-tone-plus-rgb-gaming-headphone
  241/747 OK fantech-legion-hq51-headphone
  242/747 OK fantech-mars-ii-hq54-gaming-headset
  243/747 OK fantech-mh81-scout-headphone
  244/747 OK fantech-mh82-echo-gaming-headphone
  245/747 OK fantech-mh83-omni-rgb-gaming-headphone
  246/747 OK fantech-mh84-jade-rgb-gaming-headphone
  247/747 OK fantech-mh87-blitz-headset
  248/747 OK fantech-mh92-carbon-gaming-headphone
  249/747 OK fantech-orbit-hg25-gaming-headphone
  250/747 OK fantech-portal-hg28-gaming-headphone
  251/747 OK fantech-portal-hq55-rgb-gaming-headphone
  252/747 OK fantech-sniper-ii-hg16s-gaming-headset
  253/747 OK fantech-sonata-mh90-gaming-headset
  254/747 OK fantech-spectre-ii-hg24-gaming-headset
  255/747 OK fantech-tamago-ii-whg04-gaming-headphone
  256/747 OK fantech-tamago-lightweight-wireless-headphone
  257/747 OK fantech-tamago-whg01-sakura-edition-bluetooth-headphone
  258/747 OK fantech-tamago-whg01-space-edition-bluetooth-headphone
  259/747 OK fantech-tone-ii-hq56-gaming-headphone
  260/747 OK fantech-trinity-mh88-multiplatform-gaming-headset
  261/747 OK fantech-trinity-mh88-sakura-edition-gaming-headset
  262/747 OK fantech-trinity-mh88-space-edition-gaming-headset
  263/747 OK fantech-valor-ii-mh89-gaming-headphone
  264/747 OK fantech-valor-mh86-gaming-headphone
  265/747 OK fantech-valor-mh86-mint-edition-gaming-headset
  266/747 OK fantech-valor-mh86-space-edition-gaming-headset
  267/747 OK fantech-vibe-mh85-gaming-headphone
  268/747 OK fantech-wh01-bluetooth-gaming-headphone
  269/747 OK fantech-wh01-mint-edition-bluetooth-gaming-headphone
  270/747 OK fantech-wh01-sakura-edition-bluetooth-gaming-headphone
  271/747 OK fantech-wh01-space-edition-bluetooth-gaming-headphone
  272/747 OK fantech-wh02-go-air-bluetooth-wireless-headphone
  273/747 OK fantech-wh02s-go-air-wireless-headphone
  274/747 OK fantech-wh05a-go-vibe-bluetooth-headphone
  275/747 OK fantech-wh07a-go-anc-wireless-headphone
  276/747 OK fantech-whg02-harmony-wireless-gaming-headphone
  277/747 OK fantech-whg03-studio-pro-wireless-gaming-headphone
  278/747 OK fantech-whg03-studio-wireless-gaming-headphone
  279/747 OK fantech-whg05-wireless-gaming-headphone
  280/747 OK fantech-whg06-carbon-pro-wireless-gaming-headphone
  281/747 OK fantech-whg07-orbita-wireless-headphone
  282/747 OK fastrack-reflex-tunes-f02-wireless-headphone
  283/747 OK havit-fuxi-h8-open-ear-headphone
  284/747 OK havit-gamenote-fuxi-h1-wireless-gaming-headphone
  285/747 OK havit-gamenote-fuxi-h3-gaming-headphone
  286/747 OK havit-gamenote-fuxi-h5d-headphone
  287/747 OK havit-gamenote-fuxi-h7-gaming-headphone
  288/747 OK havit-gamenote-h2002e-gaming-headphone
  289/747 OK havit-gamenote-h2002p-gaming-headphone
  290/747 OK havit-gamenote-h2002u-pro-gaming-headphone
  291/747 OK havit-gamenote-h2007u-headphone
  292/747 OK havit-gamenote-h2013d-gaming-headphone
  293/747 OK havit-gamenote-h2015d-headphone
  294/747 OK havit-gamenote-h2032d-headphone
  295/747 OK havit-gamenote-h2037d-wired-gaming-headphone
  296/747 OK havit-gamenote-h2042d-rgb-gaming-headphone
  297/747 OK havit-gamenote-h2038u-gaming-headphone
  298/747 OK havit-gamenote-h2046u-gaming-headphone
  299/747 OK havit-gamenote-h2230u-gaming-headphone
  300/747 OK havit-gamenote-h754d-headphone
  301/747 OK havit-gamenote-h767d-headphone
  302/747 OK havit-h-kraken-supernova-1-gaming-headphone
  303/747 OK havit-h2008d-gaming-headphone
  304/747 OK havit-h2010d-pro-gaming-headphone
  305/747 OK havit-h2011d-pro-gaming-headphone
  306/747 OK havit-h2015e-wired-gaming-headphone
  307/747 OK havit-h202d-wired-headphone-with-mic
  308/747 OK havit-h2030e-wired-gaming-headphone
  309/747 OK havit-h2040d-gaming-headphone
  310/747 OK havit-h2043u-gamenote-gaming-headphone
  311/747 OK havit-h2048u-gamenote-headphone
  312/747 OK havit-h204d-double-plug-stereo-headphone
  313/747 OK havit-h205d-double-plug-stereo-headphone
  314/747 OK havit-h206d-wired-headset
  315/747 OK havit-h217d-double-jack-stereo-headphone
  316/747 OK havit-h220d-wired-headphone
  317/747 OK havit-h2230d-wired-gaming-headphone
  318/747 OK havit-h2230e-gaming-headphone
  319/747 OK havit-h2239d-gaming-headphone
  320/747 OK havit-h2263d-headphone
  321/747 OK havit-h226d-single-jack-stereo-headphone
  322/747 OK havit-h2590bt-bluetooth-headphone
  323/747 OK havit-h2590bt-pro-multi-function-wireless-headphone
  324/747 OK havit-h600bt-headphone
  325/747 OK havit-h610bt-bluetooth-headphone
  326/747 OK havit-h612bt-bluetooth-headphone
  327/747 OK havit-h616bt-bluetooth-headphone
  328/747 OK havit-h626bt-bluetooth-kids-headphone
  329/747 OK havit-h628bt-bluetooth-headphone
  330/747 OK havit-h630bt-bluetooth-foldable-headphone
  331/747 OK havit-h630bt-pro-anc-bluetooth-headphone
  332/747 OK havit-h633bt-bluetooth-headphone
  333/747 OK havit-h635bt-anc-bluetooth-headphone
  334/747 OK havit-h654u-gaming-headphone
  335/747 OK havit-h655bt-anc-bluetooth-headphone
  336/747 OK havit-h655bt-pro-hybrid-anc-bluetooth-headphone
  337/747 OK havit-h660d-wired-gaming-headphone
  338/747 OK havit-h668bt-bluetooth-headphone
  339/747 OK havit-h683bt-anc-wireless-headphone
  340/747 OK havit-hg902d-gaming-headphone
  341/747 OK havit-huaxu-x1-gaming-headphone
  342/747 OK havit-hv-h100d-headphone
  343/747 OK havit-hv-h2002d-gaming-headphone
  344/747 OK havit-hv-h2016d-wired-gaming-headphone
  345/747 OK havit-hv-h2026d-rgb-gaming-headphone
  346/747 OK havit-hv-h2178d-wired-headphone
  347/747 OK havit-hv-h2218d-headphone
  348/747 OK havit-hv-h2232d-rgb-gaming-headphone
  349/747 OK havit-hv-h2262d-headphone
  350/747 OK havit-i62-headphone
  351/747 OK haylou-s35-anc-bluetooth-headphone
  352/747 OK haylou-s40-headphone
  353/747 OK hifuture-futuretour-active-noise-canceling-headphone
  354/747 OK hoco-esd03-wired-gaming-headphone
  355/747 OK hoco-esd15-max-anc-bluetooth-headphone
  356/747 OK hoco-esd15-wireless-headphone
  357/747 OK hoco-esd16-wireless-headphone
  358/747 OK hoco-esd21-wired-gaming-headphone
  359/747 OK hoco-esd35-pro-max-anc-bluetooth-headphone
  360/747 OK hoco-w100-shadow-anc-bluetooth-headphone
  361/747 OK hoco-w103-gaming-headphone
  362/747 OK hoco-w105-joyful-headphone
  363/747 OK hoco-w106-tiger-gaming-headphone
  364/747 OK hoco-w108-sue-wired-gaming-headphone
  365/747 OK hoco-w112-headphone
  366/747 OK hoco-w113-gaming-headphone
  367/747 OK hoco-w114-magic-4-mode-gaming-headphone
  368/747 OK hoco-w35-air-wireless-headphone
  369/747 OK hoco-w35-pro-max-wireless-headphone
  370/747 OK hoco-w35-wireless-headphone
  371/747 OK hoco-w37-anc-wireless-headphone
  372/747 OK hoco-w45-headphone
  373/747 OK hoco-w46-charm-wireless-headphone
  374/747 OK hoco-w52-bluetooth-headphone
  375/747 OK hoco-w53-plus-headphone
  376/747 OK hoco-w55-headphone
  377/747 OK hoco-w55-plus-headphone
  378/747 OK hoco-w55-ultra-max-headphone
  379/747 OK hoco-w63-bluetooth-headphone
  380/747 OK hoco-w65-plus-anc-wireless-headphone
  381/747 OK hoco-w65-wireless-bluetooth-headphone
  382/747 OK hoco-w66-bluetooth-headphone
  383/747 OK hoco-w67-wireless-headphone
  384/747 OK hoco-w68-calma-anc-bluetooth-headphone
  385/747 OK hoco-w73-graceful-bt-wireless-headphone
  386/747 OK hyperx-cloud-alpha-headphone
  387/747 OK hyperx-cloud-alpha-s-gaming-headset
  388/747 OK hyperx-cloud-ii-headset
  389/747 OK hyperx-cloud-ii-headset-gun-metal
  390/747 OK hyperx-cloud-iii-wired-gaming-headset
  391/747 OK hyperx-cloud-iii-wireless-headphone
  392/747 OK hyperx-cloud-stinger-2-gaming-headphone
  393/747 OK hyperx-cloud-stinger-2-wireless-headphone
  394/747 OK hyperx-cloud-stinger-core-7-1-gaming-headset
  395/747 OK hyperx-cloud-stinger-core-gaming-headset
  396/747 OK hyperx-cloud-stinger-core-wireless-headset
  397/747 OK hyperx-cloud-stinger-s-gaming-headset
  398/747 OK imice-hd-410-gaming-headphone
  399/747 OK imice-hd-450-gaming-headphone
  400/747 OK imice-hd-480-gaming-headphone
  401/747 OK imice-hd-490-gaming-headphone
  402/747 OK inbertec-c10dju-noise-cancellation-headphone
  403/747 OK inbertec-cb110dm-bluetooth-headphone
  404/747 OK inbertec-cb110m-bluetooth-headphone
  405/747 OK inbertec-ub200dt-noise-cancelling-headphone
  406/747 OK inbertec-ub200du-headphone
  407/747 OK inbertec-ub200t-noise-cancelling-headphone
  408/747 OK inbertec-ub800dm-noise-cancelling-usb-wired-headphone
  409/747 OK inbertec-ub800m-noise-cancelling-headphone
  410/747 OK inbertec-ub805dm-usb-headphone
  411/747 OK inbertec-ub805m-usb-headphone
  412/747 OK inbertec-ub815dm-usb-headphone
  413/747 OK inbertec-ub815m-usb-headphone
  414/747 OK inphic-h9-wireless-headphone
  415/747 OK jabra-engage-40-in-line-link-stereo-headphone
  416/747 OK jabra-evolve-10-headphone
  417/747 OK jabra-evolve-20-headphone
  418/747 OK jabra-evolve-20-se-duo-ms-usb-headset
  419/747 OK jabra-evolve-20-se-stereo-ms-headset
  420/747 OK jabra-evolve-30-headphone
  421/747 OK jabra-evolve-30-ii-ms-headphone
  422/747 OK jabra-evolve-40-headphone
  423/747 OK jabra-evolve-65-headphone
  424/747 OK jabra-evolve-65-se-bluetooth-headphone
  425/747 OK jabra-evolve-65-te-ms-wireless-headphone
  426/747 OK jabra-evolve-75-headphone
  427/747 OK jabra-evolve-75-se-ms-stereo-headset
  428/747 OK jabra-evolve2-30-se-stereo-ms-headset
  429/747 OK jabra-evolve2-30-uc-stereo-usb-c-headset
  430/747 OK jabra-evolve2-30-uc-stereo-usb-headset
  431/747 OK jabra-evolve2-40-headset
  432/747 OK jabra-evolve2-40-se-duo-stereo-usb-a-headset
  433/747 OK jabra-evolve2-40-se-duo-stereo-usb-c-headset
  434/747 OK jabra-evolve2-40-se-stereo-ms-headset
  435/747 OK jabra-evolve2-40-usb-a-uc-wired-headset
  436/747 OK jabra-evolve2-50-ms-stereo-usb-a-headset
  437/747 OK jabra-evolve2-50-ms-stereo-usb-c-headset
  438/747 OK jabra-evolve2-50-se-stereo-ms-headset
  439/747 OK jabra-evolve2-55-usb-a-ms-wireless-headset
  440/747 OK jabra-evolve2-55-usb-c-ms-wireless-headset
  441/747 OK jabra-evolve2-65-flex-usb-a-ms-bluetooth-headset
  442/747 OK jabra-evolve2-65-flex-usb-c-ms-bluetooth-headset
  443/747 OK jabra-evolve2-65-usb-a-ms-stereo-wireless-headset
  444/747 OK jabra-evolve2-65-usb-c-ms-stereo-wireless-headset
  445/747 OK jabra-evolve2-75-headphone
  446/747 OK jabra-evolve2-75-usb-a-ms-teams-stereo-headset
  447/747 OK jabra-evolve2-75-usb-c-uc-stereo-headset-stand
  448/747 OK jabra-evolve2-85-ms-duo-headphone
  449/747 OK jabra-evolve2-85-ms-duo-headphone-with-stand
  450/747 OK jabra-evolve3-75-ms-headphone
  451/747 OK jabra-evolve3-75-ms-headphone-with-charger
  452/747 OK jabra-evolve3-75-ms-link390c-headphone
  453/747 OK jabra-evolve3-85-ms-link390a-headphone
  454/747 OK jabra-evolve3-85-ms-link390c-headphone
  455/747 OK jarba-biz-1500-duo-headphone
  456/747 OK jarba-biz-1500-mono-headphone
  457/747 OK jarba-biz-2300-duo-headphone
  458/747 OK jarba-biz-2300-mono-headphone
  459/747 OK jarba-biz-2400-duo-headphone
  460/747 OK jarba-biz-2400-mono-headphone
  461/747 OK jbl-e55bt-bluetooth-headphone
  462/747 OK jbl-e65bt-bluetooth-headphone
  463/747 OK jbl-junior-320bt
  464/747 OK jbl-live-500bt-headphone
  465/747 OK jbl-live-650btnc-wireless-headphone
  466/747 OK jbl-live-660nc-wireless-nc-over-ear-headphones
  467/747 OK jbl-original-v750nc-bluetooth-headphone
  468/747 OK jbl-quantum-100-wired-headphone
  469/747 OK jbl-quantum-200-gaming-headphone
  470/747 OK jbl-quantum-300-gaming-headphone
  471/747 OK jbl-quantum-350-wireless-gaming-headphone
  472/747 OK jbl-quantum-400-gaming-headphone
  473/747 OK jbl-tour-one-m2-headphone
  474/747 OK jbl-tune-500bt-headphone
  475/747 OK jbl-tune-510bt-wireless-headphone
  476/747 OK jbl-tune-520bt-wireless-bluetooth-headphone
  477/747 OK jbl-tune-520c
  478/747 OK jbl-tune-600bt-bluetooth-headphone
  479/747 OK jbl-tune-670nc-wireless-headphone
  480/747 OK jbl-tune-700bt-wireless-headphone
  481/747 OK jbl-tune-710bt-wireless-headphone
  482/747 OK jbl-tune-720bt-wireless-headphone
  483/747 OK jbl-tune-730bt-headphone
  484/747 OK jbl-tune-750btnc-wireless-headphone
  485/747 OK jbl-tune-760nc-noise-cancelling-headphone
  486/747 OK jbl-tune-770nc-wireless-headphone
  487/747 OK jbl-tune-780nc-headphone
  488/747 OK jedel-gh558-gaming-headphone
  489/747 OK jedel-gh580-gaming-headphone
  490/747 OK jedel-gh581-gaming-headphone
  491/747 OK joyroom-jhead-jr-hg2-gaming-headphone
  492/747 OK joyroom-jr-hl1-wireless-bluetooth-headphone
  493/747 OK joyroom-jr-hl2-foldable-true-wireless-headphone
  494/747 OK joyroom-jr-oh1-wireless-headphone
  495/747 OK logitech-g-pro-gaming-headset
  496/747 OK logitech-g233-prodigy-gaming-headset
  497/747 OK logitech-g321-wireless-headphone
  498/747 OK logitech-g331-gaming-headset
  499/747 OK logitech-g335-gaming-headset
  500/747 OK logitech-g430-gaming-headset
  501/747 OK logitech-g431-surround-sound-gaming-headset
  502/747 OK logitech-g435-lightspeed-wireless-gaming-headset
  503/747 OK logitech-g522-lightspeed-headphone
  504/747 OK logitech-g535-headset
  505/747 OK logitech-g633s-gaming-headset
  506/747 OK logitech-g733-wireless-headset
  507/747 OK logitech-g733-wireless-headset-lilac
  508/747 OK logitech-g733-wireless-headset-white
  509/747 OK logitech-h110-stereo-headset
  510/747 OK logitech-h111-stereo-headset
  511/747 OK logitech-h150-stereo-headset-two-port
  512/747 OK logitech-h151-stereo-headset-one-port
  513/747 OK logitech-h370-usb-headphone
  514/747 OK logitech-h390-headset
  515/747 OK logitech-h540-headset
  516/747 OK logitech-pro-x-gaming-headset-external-usb-sound-card
  517/747 OK logitech-zone-300-wireless-bluetooth-headphone
  518/747 OK maono-au-mh601-studio-monitor-headphone
  519/747 OK maono-mh700-studio-monitor-headphone
  520/747 OK mchose-g9-gaming-headphone
  521/747 OK mchose-g9-pro-gaming-headphone
  522/747 OK mchose-v9-pro-gaming-headphone
  523/747 OK mchose-v9-turbo-plus-wireless-gaming-headphone
  524/747 OK mchose-x9-gaming-headphone
  525/747 OK meetion-hp022-headphone
  526/747 OK meetion-mt-bth003-bluetooth-headphone
  527/747 OK meetion-mt-hp003-headphone
  528/747 OK meetion-mt-hp003-wired-headphone
  529/747 OK meetion-mt-hp010-scalable-stereo-leather-gaming-headset
  530/747 OK meetion-mt-hp012-headphone
  531/747 OK meetion-mt-hp020-gaming-headset
  532/747 OK meetion-mt-hp099-headset
  533/747 OK microlab-anc-h10-bluetooth-headphone
  534/747 OK microlab-g6-gaming-headphone
  535/747 OK microlab-g7-dual-mode-gaming-headphone
  536/747 OK microlab-hb21-bluetooth-headphone
  537/747 OK microlab-k250-stereo-headphone
  538/747 OK microlab-k280-supra-aural-headphone
  539/747 OK microlab-k360-headphone
  540/747 OK microlab-t3-plus-bluetooth-headphone
  541/747 OK msi-ds502-gaming-headphone
  542/747 OK msi-immerse-gh20-gaming-headphone
  543/747 OK msi-immerse-gh40-enc-headphone
  544/747 OK msi-immerse-gh61-headphone
  545/747 OK nari-ultimate-wireless-gaming-headset
  546/747 OK oneodio-a71d-wired-headphone
  547/747 OK oneodio-focus-a10-wireless-headphone
  548/747 OK oneodio-focus-a5-wireless-headphone
  549/747 OK oneodio-fusion-a70-bluetooth-headphone
  550/747 OK oneodio-monitor-40-wired-headphone
  551/747 OK oneodio-monitor-60-wired-headphone
  552/747 OK oneodio-monitor-80-wired-headphone
  553/747 OK oneodio-pro-10-wired-headphone
  554/747 OK oneodio-pro-c-wireless-headphone
  555/747 OK onikuma-b100-gaming-headset
  556/747 OK onikuma-b15-wireless-headphone
  557/747 OK onikuma-b2-gaming-headset
  558/747 OK onikuma-b3-gaming-headphone
  559/747 OK onikuma-b5-gaming-headset
  560/747 OK onikuma-b60-wireless-gaming-headphone
  561/747 OK onikuma-b90-gaming-headset
  562/747 OK onikuma-gt802-wireless-headphone
  563/747 OK onikuma-gt803-wireless-gaming-headphone
  564/747 OK onikuma-gt805-wireless-headphone
  565/747 OK onikuma-gt806-wireless-headphone
  566/747 OK onikuma-gt808-bluetooth-headphone
  567/747 OK onikuma-gt811-bluetooth-headphone
  568/747 OK onikuma-gt819-wireless-headphone
  569/747 OK onikuma-gt820-gaming-headphone
  570/747 OK onikuma-gt826-wireless-headphone
  571/747 OK onikuma-gt828-wireless-gaming-headphone
  572/747 OK onikuma-gt836-wireless-gaming-headset
  573/747 OK onikuma-gt838-gaming-headphone
  574/747 OK onikuma-gt839-wireless-gaming-headphone
  575/747 OK onikuma-gt883-gaming-headphone
  576/747 OK onikuma-gt886-wireless-gaming-headset
  577/747 OK onikuma-gt887-wireless-headphone
  578/747 OK onikuma-gt888-wireless-gaming-headphone
  579/747 OK onikuma-gt889-wireless-gaming-headphone
  580/747 OK onikuma-k10-gaming-headphone
  581/747 OK onikuma-k10-pro-gaming-headphone
  582/747 OK onikuma-k19-gaming-headphone
  583/747 OK onikuma-k8-gaming-headphone
  584/747 OK onikuma-k9-gaming-headphone
  585/747 OK onikuma-x10-gaming-headphone
  586/747 OK onikuma-x12-gaming-headset
  587/747 OK onikuma-x13-gaming-headset
  588/747 OK onikuma-x15-pro-gaming-headphone
  589/747 OK onikuma-x20-gaming-headset
  590/747 OK onikuma-x22-gaming-headphone
  591/747 OK onikuma-x25-gaming-headphone
  592/747 OK onikuma-x29-gaming-headphone
  593/747 OK onikuma-x31-gaming-headphone
  594/747 OK onikuma-x32-gaming-headphone
  595/747 OK onikuma-x33-gaming-headphone
  596/747 OK onikuma-x36-gaming-headphone
  597/747 OK onikuma-x37-wired-headphone
  598/747 OK onikuma-x7-pro-wired-gaming-headphone
  599/747 OK onikuma-x80-gaming-headphone
  600/747 OK onikuma-x89-gaming-headphone
  601/747 OK onikuma-x88-gaming-headphone
  602/747 OK onikuma-x91-over-ear-headphone
  603/747 OK onikuma-x92-gaming-headphone
  604/747 OK oraimo-boompop-2-ohp-610-over-ear-headphone
  605/747 OK oraimo-boompop-air
  606/747 OK oraimo-boompop-lite-wireless-headphone
  607/747 OK oraimo-boompop-pro-headphone
  608/747 OK pc-power-echo-35-rgb-gaming-headset
  609/747 OK powercolor-alphyn-ah10-gaming-headset
  610/747 OK qcy-h2-pro-headphone
  611/747 OK qcy-h3-pro-headphone
  612/747 OK rapoo-h101-wired-stereo-headphone
  613/747 OK rapoo-h102-wired-stereo-headphone
  614/747 OK rapoo-h120-headphone
  615/747 OK rapoo-h150-usb-headphone
  616/747 OK rapoo-h150s-usb-stereo-headphone
  617/747 OK rapoo-h200-wireless-headphone
  618/747 OK rapoo-vh120-rgb-gaming-headphone
  619/747 OK rapoo-vh150-gaming-headset
  620/747 OK rapoo-vh160-headphone
  621/747 OK rapoo-vh310-gaming-headphone
  622/747 OK rapoo-vh350s-rgb-wired-gaming-headphone
  623/747 OK rapoo-vh360-gaming-headphone
  624/747 OK rapoo-vh520c-rgb-gaming-headset
  625/747 OK rapoo-vh650-rgb-gaming-headset
  626/747 OK rapoo-vh710-usb-gaming-headphone
  627/747 OK rapoo-vh800-wireless-gaming-headphone
  628/747 OK rapoo-vh850-wireless-gaming-headphone
  629/747 OK rapoo-vpro-vh510-gaming-headset
  630/747 OK razer-barracuda-x-roblox-edition-headset
  631/747 OK razer-barracuda-x-wireless-gaming-headset
  632/747 OK razer-barracuda-x-wireless-gaming-headset-2022
  633/747 OK razer-barracuda-x-wireless-gaming-headset-pink
  634/747 OK razer-barracuda-x-wireless-gaming-headset-white-2022
  635/747 OK razer-blackshark-v2-headset
  636/747 OK razer-blackshark-v2-pro-2023-wireless-headset
  637/747 OK razer-blackshark-v2-pro-rainbow-six-siege-wireless-gaming-headset
  638/747 OK razer-blackshark-v2-pro-wireless-gaming-headset
  639/747 OK razer-blackshark-v2-x-headset
  640/747 OK razer-kaira-pro-wireless-headset
  641/747 OK razer-kraken-bt-kitty-edition-headphone
  642/747 OK razer-kraken-kitty-chroma-headphone
  643/747 OK razer-kraken-storm-trooper-headset
  644/747 OK razer-kraken-tournament-edition-headset
  645/747 OK razer-kraken-ultimate-headset
  646/747 OK razer-kraken-v3-hypersense-gaming-headset
  647/747 OK razer-kraken-v3-pro-wireless-gaming-headset
  648/747 OK razer-kraken-v3-wired-usb-gaming-headset
  649/747 OK razer-kraken-v3-x-headset
  650/747 OK razer-kraken-wired-gaming-headset
  651/747 OK razer-kraken-x-gaming-headset
  652/747 OK razer-thresher-playstation-4-headphone
  653/747 OK razer-opus-headphone
  654/747 OK redragon-ajax-h230-rgb-wired-gaming-headset
  655/747 OK redragon-carmen-h261-rgb-gaming-headphone
  656/747 OK redragon-grendel-h314-gaming-headphone
  657/747 OK redragon-h120-ares-wired-gaming-headset
  658/747 OK redragon-h130-pelias-wired-gaming-headset
  659/747 OK redragon-h220-themis-gaming-headset
  660/747 OK redragon-h231-scream-rgb-gaming-headphone
  661/747 OK redragon-h250-theseus-wired-gaming-headset
  662/747 OK redragon-h260-hylas-wired-gaming-headset
  663/747 OK redragon-h270-mento-wired-gaming-headset
  664/747 OK redragon-h280-medea-gaming-headset
  665/747 OK redragon-h310-gaming-headset
  666/747 OK redragon-h312-cybill-usb-gaming-headphone
  667/747 OK redragon-h320-lamia-2-wired-gaming-headset
  668/747 OK redragon-h350-pandora-rgb-wired-headset
  669/747 OK redragon-h510-zeus-wired-gaming-headset
  670/747 OK redragon-h510-zeus-x-rgb-gaming-headphone
  671/747 OK redragon-h868-mira-tri-mode-wireless-gaming-headphone
  672/747 OK redragon-lamia-h320rgb-1-headset
  673/747 OK remax-rb-900hb-anc-wireless-headphone
  674/747 OK rode-nth-100-over-ear-headphone
  675/747 OK rode-nth-100m-over-ear-headset
  676/747 OK royal-kludge-rk-hg101-wireless-gaming-headphone
  677/747 OK sennheiser-hd-200-pro-studio-headphone
  678/747 OK sennheiser-hd-25-studio-headphone
  679/747 OK sennheiser-hd280-pro-headphone
  680/747 OK sony-float-run-wireless-headphone
  681/747 OK sony-inzone-h7-wireless-gaming-headset
  682/747 OK sony-playstation-pulse-3d-headset
  683/747 OK sony-playstation-pulse-elite-headset
  684/747 OK sony-wh-1000xm5-wireless-headphone
  685/747 OK sony-wh-1000xm6-headphone
  686/747 OK sony-wh-ch520-wireless-headphone
  687/747 OK sony-wh-ch720n-wireless-headphone
  688/747 OK sony-wh-ult900n-wireless-headphone
  689/747 OK steelseries-arctis-nova-1-gaming-headset
  690/747 OK steelseries-arctis-nova-5-wireless-headset
  691/747 OK steelseries-arctis-nova-7-dragon-edition-headset
  692/747 OK steelseries-arctis-nova-7-wireless-headset
  693/747 OK steelseries-arctis-nova-pro-headset
  694/747 OK t-wolf-h120-wired-gaming-headphone
  695/747 OK t-wolf-h130-usb-gaming-headset
  696/747 OK t-wolf-h140-stereo-gaming-headset
  697/747 OK t-wolf-h150-gaming-headphone
  698/747 OK t-wolf-h160-wired-gaming-headphone
  699/747 OK thonet-and-vander-dauer-wireless-headphone
  700/747 OK thunderobot-hl505-shadow-wing-headphone
  701/747 OK tribit-callelite-83-stereo-wired-headphone
  702/747 OK tribit-quietplus-71-bluetooth-headphone
  703/747 OK tribit-quietplus-anc-headphone
  704/747 OK tribit-xfree-go-over-ear-headphone
  705/747 OK tribit-xfree-go-s-bluetooth-headphone
  706/747 OK ugreen-hp203-hitune-max5c-bluetooth-headphone
  707/747 OK ugreen-hp205-studio-max2-bluetooth-headphone
  708/747 OK ugreen-hp206-studio-pro-hitune-max6-bluetooth-headphone
  709/747 OK ugreen-hp207-studio-plus-bluetooth-headphone
  710/747 OK verbatim-3-5mm-headset
  711/747 OK verbatim-boom-mic-headset
  712/747 OK weofly-nova-anc-bluetooth-headphone
  713/747 OK weofly-tour-anc-bluetooth-headphone
  714/747 OK wiwu-elite-stereo-wireless-headset
  715/747 OK wiwu-pilot-wireless-anc-headphone
  716/747 OK wiwu-td-06-solar-anc-wireless-headphone
  717/747 OK xbox-series-x-wireless-headset
  718/747 OK xo-be25-wireless-bluetooth-headphone
  719/747 OK xo-be37-clip-on-bluetooth-headphone
  720/747 OK xo-be53-anc-wireless-headphone
  721/747 OK xo-be55-anc-bluetooth-headphone
  722/747 OK xo-be59-headphone
  723/747 OK xtrike-me-ge-109-stereo-gaming-headset
  724/747 OK xtrike-me-gh-405-stereo-rgb-gaming-headset
  725/747 OK xtrike-me-gh-413-stereo-gaming-headset
  726/747 OK xtrike-me-gh-416-gaming-headset
  727/747 OK xtrike-me-gh-509-gaming-headphone
  728/747 OK xtrike-me-gh-510-gaming-headset
  729/747 OK xtrike-me-gh-511-rgb-translucent-gaming-headphone
  730/747 OK xtrike-me-gh-512w-headphone
  731/747 OK xtrike-me-gh-513w-gaming-headphone
  732/747 OK xtrike-me-gh-515w-gaming-headphone
  733/747 OK xtrike-me-gh-516-headphone
  734/747 OK xtrike-me-gh-605-gaming-headset
  735/747 OK xtrike-me-gh-606-gaming-headset
  736/747 OK xtrike-me-gh-711-gaming-headset
  737/747 OK xtrike-me-gh-712-gaming-headphone
  738/747 OK xtrike-me-gh-903-gaming-headset
  739/747 OK xtrike-me-gh-904-stereo-gaming-headset
  740/747 OK xtrike-me-hp-310-stereo-gaming-headset
  741/747 OK xtrike-me-hp-312-gaming-headset
  742/747 OK xtrike-me-hp-318-gaming-headphone
  743/747 OK yison-b4-foldable-wireless-headphone
  744/747 OK yison-celebrat-a18-bluetooth-headphone
  745/747 OK yison-celebrat-a23-bluetooth-headphone
  746/747 OK yison-celebrat-a9-bluetooth-headphone
  747/747 OK zoook-panther-headphone
COMPLETED accessories/headphone.json: 747 products, 0 unmatched
GROUP accessories/headphone-stand.json: 8 images
  1/8 OK fantech-ac3001-headphone-stand
  2/8 OK fantech-ac3001s-rgb-headphone-stand
  3/8 OK fantech-ac3004-gaming-headset-stand
  4/8 OK meetion-bk200-rgb-headset-stand
  5/8 OK meetion-bk300-rgb-headset-stand
  6/8 OK meetion-u003-rgb-headset-stand
  7/8 OK onikuma-st-1-headphone-stand
  8/8 OK onikuma-st-2-gaming-headphone-stand
COMPLETED accessories/headphone-stand.json: 8 products, 0 unmatched
GROUP accessories/hubs-docks.json: 370 images
  1/370 OK a4tech-dst-40c-docking-station
  2/370 OK a4tech-dst-80c-docking-station
  3/370 OK ajazz-at101p-5-in-1-type-c-hub
  4/370 OK ajazz-at101ph-5-in-1-type-c-hub
  5/370 OK amalink-al-5705d-usb-hub
  6/370 OK amalink-al-8121-usb-hub
  7/370 OK amalink-al-9591a-docking-station
  8/370 OK amalink-al-9705d-type-c-hub
  9/370 OK amalink-al-ua972c-usb-hub
  10/370 OK amalink-al-uc123-plus-docking-station
  11/370 OK amalink-al-uc123s-type-c-hub
  12/370 OK amalink-al-uc125s-type-c-hub
  13/370 OK amalink-al-uc126-type-c-hub
  14/370 OK amalink-al-uc127-plus-type-c-hub
  15/370 OK amalink-al-uc128-type-c-hub
  16/370 OK amalink-al-uc601-type-c-docking-station
  17/370 OK amalink-al-uc962-type-c-docking-station
  18/370 OK amalink-al-uc971-type-c-hub
  19/370 OK amalink-al-uc972c-type-c-hub
  20/370 OK amalink-al-uca5306-usb-hub
  21/370 OK amalink-al-uca621-usb-hub
  22/370 OK anker-547-7-in-2-usb-type-c-hub
  23/370 OK anker-powerexpand-3-in-1-usb-c-pd-hub
  24/370 OK anker-premium-4-in-1-hub
  25/370 OK anker-prime-14-in-1-160w-docking-station
  26/370 OK apple-usb-c-digital-av-multiport-adapter
  27/370 OK asus-rog-ac65-03-charger-adapter
  28/370 OK awei-cl-122-4-port-usb-hub
  29/370 OK awei-cl-122t-4-port-type-c-hub
  30/370 OK baseus-elitejoy-gen2-12-in-1-type-c-hub
  31/370 OK baseus-enjoyment-series-catsx-g0g-11-in-1-type-c-hub
  32/370 OK baseus-lite-series-4-port-type-c-hub-adapter
  33/370 OK baseus-lite-series-4-port-usb-a-hub-adapter
  34/370 OK baseus-lite-series-6-port-type-c-hub-docking-station
  35/370 OK baseus-mate-docking-pro-type-c-hub-docking-station
  36/370 OK baseus-metal-gleam-series-12-in-1-type-c-hub
  37/370 OK baseus-metal-gleam-series-4-in-1-type-c-hub
  38/370 OK baseus-metal-gleam-series-6-in-1-type-c-hub
  39/370 OK baseus-metal-gleam-series-9-in-1-type-c-hub
  40/370 OK baseus-square-round-type-a-usb-hub-adapter
  41/370 OK baseus-thunderbolt-c-pro-7-in-1-docking-station
  42/370 OK baseus-ucn3277-multi-functional-hub
  43/370 OK baseus-ultrajoy-series-4-port-hub
  44/370 OK baseus-ultrajoy-series-5-port-hub
  45/370 OK baseus-ultrajoy-series-6-in-1-multifunctional-type-c-hub
  46/370 OK baseus-ultrajoy-series-usb-hub
  47/370 OK baseus-ultrajoy-series-usb-hub-100cm
  48/370 OK baseus-union-joy-pro-17-port-docking-station
  49/370 OK belkin-avc004btbk-type-c-hub
  50/370 OK belkin-avc009btsgy-multiport-type-c-hub
  51/370 OK belkin-f4u090btblk-type-c-mini-hub
  52/370 OK belkin-inc004btsgy-multiport-type-c-hub
  53/370 OK choetech-hub-m24-type-c-hub
  54/370 OK choetech-hub-u02-ethernet-adapter
  55/370 OK cudy-uh405-type-c-hub
  56/370 OK cudy-uh407-type-c-hub
  57/370 OK cudy-uh40a-usb-hub
  58/370 OK cudy-uh500-type-c-hub
  59/370 OK cudy-uh605-type-c-hub
  60/370 OK dtech-dch-2946-type-c-hub
  61/370 OK dtech-dch-2947-usb-hub
  62/370 OK dtech-dt-3013-usb-hub
  63/370 OK dtech-dt-3015-usb-hub
  64/370 OK dtech-dt-3020-4-port-hub
  65/370 OK dtech-dt-3308-usb-hub
  66/370 OK dtech-dt-3309-usb-hub
  67/370 OK dtech-t0039-type-c-hub
  68/370 OK dtech-t0040-type-c-hub
  69/370 OK energizer-hc304a-usb-type-c-hub
  70/370 OK energizer-hc304ac-usb-type-c-hub
  71/370 OK fantech-ha2041-neralink-usb-hub
  72/370 OK fantech-ha3041-neralink-usb-hub
  73/370 OK fantech-hc051-neralink-type-c-hub
  74/370 OK fantech-hc052-neralink-type-c-hub
  75/370 OK fantech-hc101-neralink-type-c-hub
  76/370 OK gamdias-mercury-m1-500-hub
  77/370 OK gamdias-mercury-m1-800-hub
  78/370 OK gamdias-mercury-p1-1500-hub
  79/370 OK havit-h08-4-port-usb-hub
  80/370 OK havit-h18-hub
  81/370 MISS havit-h103-usb-3-0-hub-4-port
  82/370 OK havit-h40-4-port-usb-hub
  83/370 OK havit-h46-4-port-usb-hub
  84/370 OK havit-h91-hub
  85/370 OK havit-h92-3-port-usb-hub
  86/370 OK havit-h94-4-port-usb-hub
  87/370 OK havit-h95-multi-interface-usb-hub
  88/370 OK havit-hb4001-7-in-1-usb-type-c-hub
  89/370 OK havit-hv-hb41-4-port-type-c-hub
  90/370 OK hoco-hb1-4-port-usb-2-0-hub
  91/370 OK hoco-hb14-easy-use-3-in-1-usb-type-c-hub
  92/370 OK hoco-hb23-easy-view-5-in-1-usb-type-c-hub
  93/370 OK hoco-hb24-easy-display-6-in-1-usb-type-c-hub
  94/370 OK hp-g5-usb-type-c-dock-station
  95/370 OK ldnio-ds-114c-type-c-hub
  96/370 OK ldnio-ds-114u-usb-hub
  97/370 OK ldnio-ds-114uc-hub
  98/370 OK ldnio-ds-124c-hub
  99/370 OK ldnio-ds-124uc-hub
  100/370 OK ldnio-ds-134u-usb-hub
  101/370 OK ldnio-ds-134uc-hub
  102/370 OK ldnio-ds-15u-type-c-hub
  103/370 OK ldnio-ds-17h-type-c-hub
  104/370 OK ldnio-ds-64u-hub
  105/370 OK lenovo-lx0808-multifunctional-8-in-1-type-c-hub
  106/370 OK lenovo-usb-type-c-3-in-1-travel-hub
  107/370 OK lenovo-usb-type-c-7-in-1-hub
  108/370 OK micropack-mdc-4a-hub
  109/370 OK micropack-mdc-8-8-in-1-converter
  110/370 OK micropack-mdc-n6t-6-in-1-type-c-hub
  111/370 OK onten-5208-usb-4-port-hub
  112/370 OK onten-9199a-type-c-docking-station
  113/370 OK onten-9596-4-port-hub
  114/370 OK onten-otn-2305-usb-4-port-hub
  115/370 OK onten-otn-5116u-usb-hub
  116/370 OK onten-otn-5210-usb-portable-hub
  117/370 OK onten-otn-5220-usb-hub
  118/370 OK onten-otn-5222-usb-hub
  119/370 OK onten-otn-5301-usb-hub
  120/370 OK onten-otn-5302-4-port-usb-hub
  121/370 OK onten-otn-5305-usb-hub
  122/370 OK onten-otn-5307-7-in-1-usb-hub
  123/370 OK onten-otn-5308-usb-hub
  124/370 OK onten-otn-5317s-7-in-1-usb-hub
  125/370 OK onten-otn-5701-usb-hub
  126/370 OK onten-otn-5701d-hub
  127/370 OK onten-otn-5706-4-in-1-usb-hub
  128/370 OK onten-otn-8108-usb-hub
  129/370 OK onten-otn-8120-7-in-1-usb-hub
  130/370 OK onten-otn-8121-6-port-usb-hub
  131/370 OK onten-otn-9299-multi-function-docking-station
  132/370 OK onten-otn-9399-docking-station
  133/370 OK onten-otn-9591a-type-c-hub
  134/370 OK onten-otn-9593-hub-with-lan-adapter
  135/370 OK onten-otn-9701-type-c-hub
  136/370 OK onten-otn-9701d-usb-hub
  137/370 OK onten-otn-9706-4-in-1-type-c-to-usb-30-hub
  138/370 OK onten-otn-uc123-plus-6-in-1-usb-hub
  139/370 OK onten-otn-uc51-3-in-1-usb-hub
  140/370 OK onten-otn-uc56s-6-in-1-usb-type-c-hub
  141/370 OK onten-otn-uc615-6-in-1-usb-hub
  142/370 OK onten-otn-uc620-usb-type-c-hub
  143/370 OK onten-otn-uca310-usb-hub
  144/370 OK onten-otn-uca311-usb-to-sata-adapter
  145/370 OK onten-otn-uca5310-usb-hub
  146/370 OK onten-otn-uca5311-5-in-2-usb-hub
  147/370 OK onten-otn-uca612-5-in-2-type-c-hub
  148/370 OK onten-otn-uca613-plus-6-in-2-usb-hub
  149/370 OK onten-otn-uca9701-4-port-usb-hub
  150/370 OK onten-otn-uca9702-7-in-2-usb-hub
  151/370 OK onten-otn-uca9703-usb-hub
  152/370 OK onten-otn-uca9705-5-in-2-usb-hub
  153/370 OK onten-otn-us51-3-in-1-usb-hub
  154/370 OK onten-otn-us52s-3-in-1-usb-hub
  155/370 OK onten-otn-wf820-hdmi-wireless-transmitter-receiver
  156/370 OK onten-otn-wf821-wireless-transmitter-receiver
  157/370 OK oraimo-powertrans-hub
  158/370 OK orico-5sxrj-type-c-5-in-1-multifunctional-hub
  159/370 OK orico-6819c3-single-bay-dock
  160/370 OK orico-ah-12f-4-port-usb-30-hub
  161/370 OK orico-ah-13-type-c-usb-hub
  162/370 OK orico-ah-a13-4-port-hub
  163/370 OK orico-ah-w13-aluminum-type-c-hub
  164/370 OK orico-bt2u3-10ab-multi-port-hub
  165/370 OK orico-bt2u3-13ab-13-port-usb3-0-hub
  166/370 OK orico-bt2u3-16ab-16-port-usb-3-0-hub
  167/370 OK orico-bt2u3-7ab-7-port-usb-3-0-hub
  168/370 OK orico-ct2u3-10ab-10-port-3-0-hub
  169/370 OK orico-ct2u3-13ab-13-port-hub
  170/370 OK orico-ct2u3-16ab-16-port-hub
  171/370 OK orico-ct2u3-7ab-7-port-usb-3-0-hub
  172/370 OK orico-dm-5p-type-c-multifunctional-docking-station
  173/370 OK orico-dm-5r-multifunctional-docking-station
  174/370 OK orico-fl01-4-port-hub
  175/370 OK orico-fl02-4-port-usb-hub
  176/370 OK orico-fl02-4-port-usb-hub-white
  177/370 OK orico-h1613-u2-16-port-usb2-0-hub
  178/370 OK orico-hr01-hub-gigabit-lan-port
  179/370 OK orico-mc-u111p-type-c-docking-station
  180/370 OK orico-mc-u601p-6-in-1-multi-functional-hub
  181/370 OK orico-mdk-10p-type-c-10-in-1-multifunctional-docking-station
  182/370 OK orico-mdk-6p-type-c-6-in-1-multifunctional-docking-station
  183/370 OK orico-mh4uc-c3-hub
  184/370 OK orico-mini-u32-3-in-1-usb-hub
  185/370 OK orico-minidock-vs10-docking-station
  186/370 OK orico-minidock-vsp10-docking-station
  187/370 OK orico-omm-10p-hub
  188/370 OK orico-papw4a-c3-pw-series-4-port-usb-type-c-hub
  189/370 OK orico-papw4a-u3-pw-series-4-port-usb-hub
  190/370 OK orico-pw11-5p-5-in-1-5gbps-type-c-hub
  191/370 OK orico-pw11-6pcr-6-in-1-5gbps-type-c-hub
  192/370 OK orico-pw3ur-u3-4-port-usb-hub
  193/370 OK orico-pw4u-c3-4-port-hub
  194/370 OK orico-pw4u-u3-4-port-hub
  195/370 OK orico-pwc2u-c3-015-usb-hub
  196/370 OK orico-pwc2u-u3-3-ports-hub
  197/370 OK orico-w5p-u2-4-port-usb-2-0-hub
  198/370 OK orico-w5p-u3-4-port-hub
  199/370 OK orico-wb-11p-type-c-11-in-1-hub
  200/370 OK orico-wb-6ts-type-c-6-in-1-hub
  201/370 OK orico-yk4-u3-03-usb-hub
  202/370 OK orico-yk5-u3-03-usb-hub
  203/370 OK rapoo-xd61-usb-c-docking-station
  204/370 OK rapoo-xd71-usb-c-docking-station
  205/370 OK remax-ru-u5-retor-series-5-in-1-docking-station
  206/370 OK surpass-hc-28-hub
  207/370 OK targus-aca953ap-multi-adapter-card-reader
  208/370 OK targus-ach154ap-51-usb-3-0-4-port-hub
  209/370 OK targus-ach214-usb-2-0-4-port-hub
  210/370 OK targus-ach214ap-51-usb-hub
  211/370 OK targus-dock414ap-usb-c-station
  212/370 OK targus-dock419ap-docking-station
  213/370 OK targus-hd30f-hyperdrive-power-type-c-hub
  214/370 OK tp-link-ue330c-v1-type-c-hub
  215/370 OK tp-link-uh400-hub
  216/370 OK transcend-hub2c-usb-hub
  217/370 OK transcend-hub2k-usb-hub
  218/370 OK transcend-hub3-hub-card-reader
  219/370 OK transcend-hub5c-6-in-1-hub
  220/370 OK twinmos-ezeehub-23l-4-port-usb-hub
  221/370 OK twinmos-ezeehub-23p-4-port-usb-hub
  222/370 OK twinmos-ezeehub-34l-m-4-port-usb-hub
  223/370 OK ugreen-4-port-usb-hub
  224/370 OK ugreen-cm195-6-in-1-usb-type-c-hub
  225/370 OK ugreen-cm195-usb-type-c-to-2-ports-usb-3-0-a-hub
  226/370 OK ugreen-cm219-4-port-usb-3-0-hub
  227/370 OK ugreen-cm219-usb-hub
  228/370 OK ugreen-cm230-type-c-hub
  229/370 OK ugreen-cm251-usb-c-5-in-2-adapter-hub
  230/370 OK ugreen-cm252-type-c-to-tri-usb-lan-micro-usb-converter
  231/370 OK ugreen-cm380-type-c-hub-for-macbook-pro
  232/370 OK ugreen-cm416-4-port-usb-hub
  233/370 OK ugreen-cm417-hub
  234/370 OK ugreen-cm418-ultra-slim-5-in-1-usb-type-c-hub
  235/370 OK ugreen-cm475-4-in-1-ethernet-adapter-hub
  236/370 OK ugreen-cm475-5-in-1-ethernet-adapter-hub
  237/370 OK ugreen-cm475-60554-hub
  238/370 OK ugreen-cm481-7-port-hub
  239/370 OK ugreen-cm482-10-port-hub
  240/370 OK ugreen-cm490-type-c-9-in-1-docking-station
  241/370 OK ugreen-cm498-hub
  242/370 OK ugreen-cm511-5-in-1-type-c-docking-station
  243/370 OK ugreen-cm511-type-c-5-in-1-docking-station
  244/370 OK ugreen-cm511-type-c-hub
  245/370 OK ugreen-cm511-usb-type-c-multifunction-hub
  246/370 OK ugreen-cm512-multifunction-hub
  247/370 OK ugreen-cm512-type-c-7-in-1-docking-station
  248/370 OK ugreen-cm512-type-c-hub
  249/370 OK ugreen-cm512-usb-c-7-in-1-multifunction-adapter
  250/370 OK ugreen-cm639-docking-station
  251/370 OK ugreen-cm639-type-c-docking-station
  252/370 OK ugreen-cm801-type-c-hub
  253/370 OK ugreen-cm806-4-port-type-c-hub
  254/370 OK ugreen-cm806-usb-hub
  255/370 OK ugreen-cm841-docking-station
  256/370 OK ugreen-cm888-hub
  257/370 OK ugreen-cm888-type-c-multifunction-hub
  258/370 OK ugreen-cr113-4-in-1-usb-hub
  259/370 OK ugreen-cr113-usb-hub-white
  260/370 OK ugreen-multi-function-5-port-docking-station-hub
  261/370 OK ugreen-redovok-cm478-type-c-5-in-1-docking-station
  262/370 OK ugreen-redovok-cm498-type-c-10-in-1-docking-station
  263/370 OK ugreen-redovok-cm498-type-c-9-in-1-docking-station
  264/370 OK ugreen-redovok-pro-313-cm681-docking-station
  265/370 OK ugreen-redovok-pro-cm555-12-in-1-docking-station
  266/370 OK ugreen-redovok-pro-cm615-9-in-1-docking-station
  267/370 OK ugreen-redovok-pro-cm681-11-in-1-docking-station
  268/370 OK ugreen-revodok-1061-cm512-6-in-1-docking-station
  269/370 OK ugreen-revodok-206-cm498-docking-station
  270/370 OK ugreen-revodok-cm498-9-in-1-type-c-docking-station
  271/370 OK ugreen-revodok-max-208-u708-docking-station
  272/370 OK ugreen-revodok-max-213-u710-docking-station
  273/370 OK ugreen-revodok-max-313-u709-docking-station
  274/370 OK ugreen-revodok-pro-cm639-10-in-1-docking-station
  275/370 OK ugreen-type-c-multifunctional-adapter
  276/370 OK ugreen-us216-2-in-4-out-usb-switch-box
  277/370 OK ugreen-usb-3-0-hub-with-gigabit-ethernet
  278/370 OK ugreen-usb-4-ports-50cm-hub
  279/370 OK ugreen-usb-hub
  280/370 OK ugreen-usb-hub-type-c-adapter
  281/370 OK ugreen-usb-port-hub
  282/370 OK vention-adth0-wireless-hdmi-transmitter-and-receiver
  283/370 OK vention-chabb-4-ports-usb-hub
  284/370 OK vention-chlbf-4-port-usb-3-0-hub
  285/370 OK vention-chlhf-usb-hub
  286/370 OK vention-chnbb-3-port-usb-3-0-hub
  287/370 OK vention-chtbb-usb3-type-c-hub
  288/370 OK vention-chybb-hub
  289/370 OK vention-ckohb-4-in-1-usb-mini-hub
  290/370 OK vention-cnbhb-type-c-hdmi-usb3-0-pd-converter
  291/370 OK vention-cndhb-type-c-hdmi-hub
  292/370 OK vention-tfdhb-usb-c-usb-3-0-pd-docking-station
  293/370 OK vention-tgesb-type-c-multifunctional-docking-station
  294/370 OK vention-tgfsb-usb-3-multifunctional-docking-station
  295/370 OK vention-tgkbd-4-port-type-c-hub
  296/370 OK vention-thahb-hub
  297/370 OK vention-thohah-multi-function-10-in-1-docking-station
  298/370 OK vention-thshc-docking-station
  299/370 OK vention-tnahb-usb-c-to-usb-4-port-micro-b-hub
  300/370 OK vention-toahb-usb-c-4-in-1-docking-station
  301/370 OK vention-tohhb-6-in-1-type-c-docking-station
  302/370 OK vention-tojhb-docking-station
  303/370 OK vention-tpjh0-eu-usb-c-12-in-1-hub-docking-station
  304/370 OK vention-tpuh0-multifunction-type-c-docking-station
  305/370 OK vention-tpvbb-6-in-1-hdmi-multifunctional-docking-station
  306/370 OK vention-tqwhb-multifunction-type-c-docking-station
  307/370 OK verbatim-essentials-6-in-1-type-c-hub
  308/370 OK verbatim-essentials-type-c-hub
  309/370 OK wiwu-a431c-linker-4-in-1-usb-hub
  310/370 OK wiwu-a821ch-laptop-stand-with-8-in-1-type-c-hub
  311/370 OK wiwu-a921hv-linker-type-c-hub
  312/370 OK wiwu-a923rpt-linker-type-c-hub
  313/370 OK wiwu-ah801-tablet-stand-8-in-1-type-c-hub
  314/370 OK wiwu-alpha-12-in-1-usb-type-c-hub
  315/370 OK wiwu-alpha-521h-5-in-1-hub
  316/370 OK wiwu-alpha-631str-6-in-1-type-c-hub-adapter
  317/370 OK wiwu-alpha-a11-hub
  318/370 OK wiwu-alpha-a11312h-11-in-1-usb-type-c-hub
  319/370 OK wiwu-alpha-a440-4-in-1-usb-type-c-hub
  320/370 OK wiwu-alpha-a513hvp-hub
  321/370 OK wiwu-alpha-a731hp-7-in-1-hub
  322/370 OK wiwu-alpha-m-x-pro-5-in-1-laptop-adapter-dongle
  323/370 OK wiwu-cb011-11-in-1-usb-c-hub
  324/370 OK wiwu-cyber-hub-7-in-1-type-c-hub
  325/370 OK wiwu-linker-a721hd-7-in-1-type-c-hub
  326/370 OK wiwu-t8-lite-5-in-2-type-c-hub
  327/370 OK wiwu-t9-8-in-1-type-c-hub
  328/370 OK wiwu-travel-type-c-hub
  329/370 OK wiwu-travel-wi-hb001-8-in-1-type-c-hub
  330/370 OK wiwu-zolo-type-c-hub
  331/370 OK x-leo-xl-5010-usb-hub
  332/370 OK xiaomi-5-in-1-type-c-hub
  333/370 OK yuanxin-x-2328-multiport-4-in-1-usb-hub
  334/370 OK yuanxin-x-2328t-type-c-to-quad-usb-hub
  335/370 OK yuanxin-x-2518a-tri-usb-hub
  336/370 OK yuanxin-x-2518c-tri-usb-type-c-hub
  337/370 OK yuanxin-x-2562t-4-in-1-usb-type-c-hub
  338/370 OK yuanxin-x-3111-multiport-11-in-1-type-c-hub
  339/370 OK yuanxin-x-32035-multiport-5-in-1-rgb-type-c-hub
  340/370 OK yuanxin-x-32035c-multiport-5-in-1-rgb-type-c-hub
  341/370 OK yuanxin-x-32038-type-c-hub
  342/370 OK yuanxin-x-3205t-type-c-to-quad-usb-type-c-hub
  343/370 OK yuanxin-x-3209t-type-c-to-quad-usb-hub
  344/370 OK yuanxin-x-3328-usb-to-quad-usb-hub
  345/370 OK yuanxin-x-3328l-usb-to-tri-usb-hub
  346/370 OK yuanxin-x-3508-multiport-4-in-1-type-c-hub
  347/370 OK yuanxin-x-3508t-multiport-4-in-1-type-c-hub
  348/370 OK yuanxin-x-3510-2-in-1-type-c-hub
  349/370 OK yuanxin-x-3518d-hub
  350/370 OK yuanxin-x-3561-usb-to-tri-usb-and-lan-hub
  351/370 OK yuanxin-x-80107-multiport-7-in-1-usb-hub
  352/370 OK yuanxin-x-80311-multiport-type-c-hub
  353/370 OK yuanxin-x-3561t-type-c-3-in-1-usb-hub
  354/370 OK yuanxin-x-80311l-11-in-1-multiport-type-c-hub
  355/370 OK yuanxin-x-80503-usb-to-quad-usb-hub
  356/370 OK yuanxin-x-80503b-usb-hub
  357/370 OK yuanxin-x-80503t-type-c-to-quad-usb-hub
  358/370 OK yuanxin-x-80505-multiport-5-in-1-type-c-hub
  359/370 OK yuanxin-x-80505b-5-in-1-type-c-hub
  360/370 OK yuanxin-x-80505c-hub
  361/370 OK yuanxin-x-80506-tri-usb-type-c-hub
  362/370 OK yuanxin-x-80907-7-port-usb-hub
  363/370 OK yuanxin-x-d0295-type-c-hub
  364/370 OK yuanxin-x-d0297-type-c-hub
  365/370 OK yuanxin-x-d0308-type-c-hub
  366/370 OK yuanxin-yxh-20-usb-to-tri-usb-hub
  367/370 OK yuanxin-yxh-21-usb-male-to-quad-usb-female-hub
  368/370 OK yuanxin-yxh-52-multiport-usb-hub
  369/370 OK yuanxin-yxh-56-type-c-male-to-quad-usb-female-hub
  370/370 OK yuanxin-yxh-61-usb-and-type-c-to-hexa-usb-hub
COMPLETED accessories/hubs-docks.json: 369 products, 1 unmatched
GROUP accessories/keyboard.json: 947 images
  1/947 OK 1stplayer-km2-combo
  2/947 OK 1stplayer-kt2-gaming-combo
  3/947 OK 1stplayer-neo87-gelato-switch-mechanical-keyboard
  4/947 OK 1stplayer-neo87-lavender-switch-mechanical-keyboard
  5/947 OK 8bitdo-retro-108-keyboard
  6/947 OK 1stplayer-neo87-mechanical-keyboard
  7/947 OK 8bitdo-retro-87-keyboard
  8/947 OK a4-tech-3300n-keyboard-with-mouse
  9/947 OK a4-tech-kl-40-keyboard
  10/947 OK a4-tech-krs-83-multimedia-keyboard
  11/947 OK a4tech-4200n-keyboard-mouse-combo
  12/947 OK a4tech-b760-gaming-keyboard
  13/947 OK a4tech-b930-rgb-light-gaming-keyboard
  14/947 OK a4tech-bloody-at75-keyboard
  15/947 OK a4tech-bloody-at87-keyboard
  16/947 OK a4tech-bloody-at98-keyboard
  17/947 OK a4tech-bloody-b135n-neon-backlight-gaming-keyboard
  18/947 OK a4tech-bloody-b230n-gaming-keyboard
  19/947 OK a4tech-bloody-b760-gaming-keyboard
  20/947 OK a4tech-bloody-b810r-gaming-keyboard
  21/947 OK a4tech-bloody-b820r-light-strike-red-switch-mechanical-keyboard
  22/947 OK a4tech-bloody-q135-illuminate-neon-backlit-gaming-keyboard
  23/947 OK a4tech-bloody-s510n-mechanical-blue-switch-rgb-gaming-keyboard
  24/947 OK a4tech-bloody-s510n-mechanical-brown-switch-rgb-gaming-keyboard
  25/947 OK a4tech-bloody-s510r-brown-switch-mechanical-gaming-keyboard
  26/947 OK a4tech-bloody-s510r-gaming-keyboard
  27/947 OK a4tech-bloody-s510r-red-switch-mechanical-gaming-keyboard
  28/947 OK a4tech-bloody-s520n-gaming-keyboard
  29/947 OK a4tech-bloody-s98-rgb-mechanical-gaming-keyboard
  30/947 OK a4tech-bloody-ws98-gaming-keyboard
  31/947 OK a4tech-fbk36c-as-fstyler-wireless-keyboard
  32/947 OK a4tech-fg1010-keyboard-mouse-combo
  33/947 OK a4tech-fg1112-keyboard-mouse-combo
  34/947 OK a4tech-fk10-fstyler-wired-keyboard
  35/947 OK a4tech-fk11-mini-keyboard
  36/947 OK a4tech-fk25-fstyler-wired-keyboard
  37/947 OK a4tech-fstyler-fb2535c-wireless-keyboard-mouse-combo
  38/947 OK a4tech-fstyler-fb2800c-air2-keyboard-mouse-combo
  39/947 OK a4tech-fstyler-fbk25-wireless-keyboard
  40/947 OK a4tech-fstyler-fbk30-wireless-keyboard
  41/947 OK a4tech-fstyler-fbk30-wireless-keyboard-with-english
  42/947 OK a4tech-fstyler-fbx50c-wireless-keyboard
  43/947 OK a4tech-fstyler-fbx51c-bluetooth-wireless-keyboard
  44/947 OK a4tech-fstyler-fbx53c-keyboard
  45/947 OK a4tech-fstyler-fbx55c-keyboard
  46/947 OK a4tech-fstyler-fbx70c-wireless-keyboard
  47/947 OK a4tech-fstyler-fbx72c-keyboard
  48/947 OK a4tech-fstyler-fg2200-air2-combo
  49/947 OK a4tech-fstyler-fg2300-air2-combo
  50/947 OK a4tech-fstyler-fx60h-keyboard
  51/947 OK a4tech-fstyler-fx70-wireless-keyboard
  52/947 OK a4tech-fx61-mini-fstyler-keyboard
  53/947 OK a4tech-kb-8a-keyboard
  54/947 OK a4tech-kk-3330-keyboard-mouse-combo
  55/947 OK a4tech-kr-83-keyboard
  56/947 OK a4tech-kr-85-keyboard
  57/947 OK a4tech-krs-82-wired-keyboard
  58/947 OK a4tech-krs-82bd-keyboard
  59/947 OK a4tech-krs-85-keyboard
  60/947 OK a4tech-krs-92-keyboard
  61/947 OK ajazz-ac067-keyboard
  62/947 OK ajazz-af82-wireless-keyboard
  63/947 OK ajazz-af98-plus-keyboard
  64/947 OK ajazz-ak35i-v4-keyboard
  65/947 OK ajazz-ak650-keyboard
  66/947 OK ajazz-ak650-tri-mode-keyboard
  67/947 OK ajazz-ak680-max-he-keyboard
  68/947 OK ajazz-ak680-max-he-tri-mode-keyboard
  69/947 OK ajazz-ak820-as-yellow-switch-mechanical-keyboard
  70/947 OK ajazz-ak820-max-he-mechanical-keyboard
  71/947 OK ajazz-ak820-max-plus-mechanical-keyboard
  72/947 OK ajazz-ak820-max-plus-tri-mode-keyboard
  73/947 OK ajazz-ak820-max-tri-mode-keyboard
  74/947 OK ajazz-ak820-max-ultra-he-keyboard
  75/947 OK ajazz-ak820-mechanical-keyboard
  76/947 OK ajazz-ak820-pro-keyboard-with-display
  77/947 OK ajazz-ak820-pro-mechanical-keyboard
  78/947 OK ajazz-ak820-rgb-mechanical-keyboard
  79/947 OK ajazz-ak820-v2-mechanical-keyboard
  80/947 OK ajazz-ak820-v2-pro-mechanical-keyboard
  81/947 OK ajazz-ak870-mechanical-keyboard
  82/947 OK ajazz-ak870-plus-mechanical-keyboard
  83/947 OK ajazz-ak870-v2-tri-mode-keyboard
  84/947 OK ajazz-ak870-v2-wired-keyboard
  85/947 OK ajazz-ak980-max-he-keyboard
  86/947 OK ajazz-ak980-mechanical-keyboard
  87/947 OK ajazz-ak980-v2-mechanical-keyboard
  88/947 OK ajazz-ak980-wired-keyboard
  89/947 OK ajazz-aks075-mechanical-keyboard
  90/947 OK ajazz-alux-60-he-plus-keyboard
  91/947 OK ajazz-alux-60-he-ultra-keyboard
  92/947 OK ajazz-alux-68-he-max-keyboard
  93/947 OK ajazz-mk87-wireless-mechanical-keyboard
  94/947 OK ajazz-nk104-mechanical-keyboard
  95/947 OK ajazz-nk61-mechanical-keyboard
  96/947 OK ajazz-nk68-v2-wired-keyboard
  97/947 OK ajazz-nk68-wired-keyboard
  98/947 OK ajazz-nkl61-wired-keyboard
  99/947 OK ajazz-qs87-max-mechanical-keyboard
  100/947 OK ajazz-qs87-pro-mechanical-keyboard
  101/947 OK apple-magic-keyboard
  102/947 OK apple-magic-keyboard-for-ipad-pro
  103/947 OK apple-magic-keyboard-with-touch-id
  104/947 OK apple-magic-wireless-keyboard
  105/947 OK apple-wireless-magic-keyboard-with-numeric-keypad
  106/947 OK ares-m1-combo
  107/947 OK asus-ac02-rog-keycap-set
  108/947 OK asus-m601-rog-falchion-nx-keyboard
  109/947 OK asus-m602-rog-falchion-ace-gaming-keyboard
  110/947 OK asus-marshmallow-kw100-wireless-silent-keyboard
  111/947 OK asus-rog-azoth-extreme-keyboard
  112/947 OK asus-rog-azoth-m701-gaming-mechanical-keyboard
  113/947 OK asus-rog-azoth-m701-rgb-mechanical-keyboard
  114/947 OK asus-rog-azoth-x-keyboard
  115/947 OK asus-rog-claymore-ii-mechanical-blue-switch-keyboard
  116/947 OK asus-rog-claymore-ii-mechanical-red-switch-keyboard
  117/947 OK asus-rog-pbt-keycap-set
  118/947 OK asus-rog-strix-flare-ii-mechanical-gaming-keyboard
  119/947 OK asus-rog-strix-flare-xa01-rgb-mechanical-keyboard
  120/947 OK asus-rog-strix-flare-xa01-rgb-mechanical-keyboard-blue-switch
  121/947 OK asus-rog-strix-flare-xa01-rgb-mechanical-keyboard-brown-switch
  122/947 OK asus-rog-strix-scope-ii-96-wireless-x901-mechanical-keyboard
  123/947 OK asus-rog-strix-scope-rx-tkl-wireless-deluxe-mechanical-gaming-keyboard
  124/947 OK asus-rog-strix-scope-tkl-keyboard
  125/947 OK asus-tuf-gaming-k1-keyboard
  126/947 OK asus-tuf-gaming-k3-gen-ii-mechanical-keyboard
  127/947 OK asus-tuf-gaming-k3-rgb-keyboard
  128/947 OK asus-u2000-keyboard-mouse-combo
  129/947 OK asus-x806-rog-strix-scope-mechanical-gaming-keyboard
  130/947 OK asus-xa05-rog-strix-scope-mechanical-gaming-keyboard
  131/947 OK aula-ac101-keyboard-mouse-combo
  132/947 OK aula-ac105-keyboard-and-mouse-combo
  133/947 OK aula-ac208-wireless-keyboard-mouse-and-mouse-pad-combo
  134/947 OK aula-ak105-keyboard
  135/947 OK aula-ak205-usb-wired-keyboard
  136/947 OK aula-f2023-ii-keyboard-mouse-combo
  137/947 OK aula-f2023-keyboard-mouse-gaming-combo
  138/947 OK aula-f2028-wired-gaming-keyboard
  139/947 OK aula-f2058-rgb-mechanical-gaming-keyboard
  140/947 OK aula-f2063-wired-mechanical-gaming-keyboard
  141/947 OK aula-f2066-ii-mechanical-gaming-keyboard
  142/947 OK aula-f2067-tkl-mechanical-gaming-keyboard
  143/947 OK aula-f2088-wired-mechanical-gaming-keyboard
  144/947 OK aula-f2090-mechanical-gaming-keyboard
  145/947 OK aula-f2183-rgb-gaming-keyboard
  146/947 OK aula-f3010-gaming-keyboard
  147/947 OK aula-f3018-wired-mechanical-gaming-keyboard
  148/947 OK aula-f3033-rgb-mechanical-gaming-keyboard
  149/947 OK aula-f3068-mechanical-gaming-keyboard
  150/947 OK aula-f3261-rgb-blue-switch-mechanical-keyboard
  151/947 OK aula-f3268-rgb-red-switch-mechanical-gaming-keyboard
  152/947 OK aula-f3268-rgb-wired-mechanical-gaming-keyboard
  153/947 OK aula-f3287-tkl-mechanical-gaming-keyboard
  154/947 OK aula-f65-reaper-switch-mechanical-keyboard
  155/947 OK aula-f68-hot-swappable-mechanical-gaming-keyboard
  156/947 OK aula-f75-max-tri-mode-mechanical-keyboard
  157/947 OK aula-f75-mechanical-keyboard
  158/947 OK aula-f87-rgb-mechanical-gaming-keyboard
  159/947 OK aula-hero-84-magnetic-switch-keyboard
  160/947 OK aula-s2016-wired-gaming-keyboard
  161/947 OK aula-s2022-mechanical-gaming-keyboard
  162/947 OK aula-s2056-membrane-gaming-keyboard
  163/947 OK aula-s500-mechanical-keyboard
  164/947 OK aula-t102-keyboard-and-mouse-gaming-combo
  165/947 OK aula-solakaka-k81-rgb-gaming-keyboard
  166/947 OK aula-t650-gaming-combo
  167/947 OK corsair-k70-core-mechanical-keyboard
  168/947 OK bajeal-k100-mechanical-keyboard
  169/947 OK cougar-ultimus-ex-gaming-keyboard
  170/947 OK dareu-a840-alpha-blue-cherry-mx-mechanical-gaming-keyboard
  171/947 OK dareu-a840-alpha-mechanical-gaming-keyboard
  172/947 OK dareu-a840-childhood-brown-cherry-mx-mechanical-keyboard
  173/947 OK dareu-a840-childhood-mechanical-gaming-keyboard
  174/947 OK dareu-a840-childhood-mechanical-keyboard
  175/947 OK dareu-a840-summer-blue-cherry-mx-mechanical-keyboard
  176/947 OK dareu-a840-summer-brown-cherry-mx-mechanical-keyboard
  177/947 OK dareu-a87-alpha-tenkeyless-blue-cherry-mx-mechanical-keyboard
  178/947 OK dareu-a87-alpha-tenkeyless-brown-cherry-mx-mechanical-keyboard
  179/947 OK dareu-a87-alpha-tenkeyless-mechanical-keyboard
  180/947 OK dareu-a87-childhood-mechanical-keyboard
  181/947 OK dareu-a87-dream-tenkeyless-mechanical-keyboard
  182/947 OK dareu-a87-kb-edition-hot-swap-mechanical-keyboard
  183/947 OK dareu-a87-pro-gasket-hot-swappable-mechanical-keyboard
  184/947 OK dareu-a87-sky-edition-hot-swap-mechanical-keyboard
  185/947 OK dareu-a87-swallow-tenkeyless-mechanical-keyboard
  186/947 OK dareu-a87-v2-wireless-hotswappable-mechanical-keyboard
  187/947 OK dareu-a87x-pro-mechanical-keyboard
  188/947 OK dareu-cool-60-keyboard
  189/947 OK dareu-ek-880-tkl-glory-mechanical-keyboard
  190/947 OK dareu-ek60-he-keyboard
  191/947 OK dareu-ek75-mechanical-keyboard
  192/947 OK dareu-ek75-pro-mechanical-keyboard
  193/947 OK dareu-ek75-rt-magnetic-switch-mechanical-keyboard
  194/947 OK dareu-ek807g-tkl-wireless-brown-switch-mechanical-keyboard
  195/947 OK dareu-ek807g-tkl-wireless-mechanical-keyboard
  196/947 OK dareu-ek807g-tkl-wireless-red-switch-mechanical-keyboard
  197/947 OK dareu-ek861-bluetooth-kailh-brown-mechanical-gaming-keyboard
  198/947 OK dareu-ek861-bluetooth-mechanical-gaming-keyboard
  199/947 OK dareu-ek861-trinity-gtr-blue-switch-mechanical-keyboard
  200/947 OK dareu-ek861-trinity-gtr-brown-switch-mechanical-keyboard
  201/947 OK dareu-ek861-trinity-gtr-red-switch-mechanical-keyboard
  202/947 OK dareu-ek87-v2-wired-rainbow-keyboard
  203/947 OK dareu-ek87-v2-wired-rainbow-rgb-blue-switch-keyboard
  204/947 OK dareu-ek87-v2-wired-rainbow-rgb-red-switch-keyboard
  205/947 OK dareu-ek871-bluetooth-mechanical-keyboard
  206/947 OK dareu-ek871-gtr-rgb-wireless-mechanical-keyboard
  207/947 OK dareu-ek871-gtr-rgb-wireless-mechanical-keyboard-white
  208/947 OK dareu-ek871-gtr-rgb-wireless-red-switch-mechanical-keyboard
  209/947 OK dareu-ek925-ii-rgb-brown-switch-mechanical-keyboard
  210/947 OK dareu-ek925-ii-rgb-mechanical-keyboard
  211/947 OK dareu-ek925-ii-rgb-red-switch-mechanical-keyboard
  212/947 OK dareu-mk198g-wireless-keyboard-and-mouse-combo
  213/947 OK dell-km3322w-combo
  214/947 OK durgod-cavalry-87-keyboard
  215/947 OK durgod-cavalry-87w-keyboard
  216/947 OK durgod-hades-keyboard
  217/947 OK durgod-k100-he-mechanical-keyboard
  218/947 OK durgod-k100w-mechanical-keyboard
  219/947 OK durgod-k230-fusion-mechanical-keyboard
  220/947 OK durgod-k310-keyboard
  221/947 OK durgod-k615w-mechanical-keyboard
  222/947 OK durgod-k620w-mechanical-keyboard
  223/947 OK durgod-k710-hi-keys-wireless-keyboard
  224/947 OK durgod-s230-wireless-mechanical-keyboard
  225/947 OK durgod-taurus-k320-nebula-space-purple-mechanical-keyboard
  226/947 OK durgod-taurus-k320-white-backlit-keyboard
  227/947 OK fantech-ack01-vibe-edition-keycap-set
  228/947 OK fantech-atom-mk886-mechanical-keyboard
  229/947 OK fantech-atom-mk886-red-switch-mechanical-keyboard
  230/947 OK fantech-atom-pro63-mk912-blue-switch-mechanical-keyboard
  231/947 OK fantech-atom-pro63-mk912-mechanical-keyboard
  232/947 OK fantech-atom-pro63-mk913-mechanical-keyboard
  233/947 OK fantech-atom-pro96-mk914-mechanical-keyboard
  234/947 OK fantech-atom-tkl-mk876-red-switch-mechanical-keyboard
  235/947 OK fantech-atom-tkl-mk876-rgb-mechanical-keyboard
  236/947 OK fantech-atom-x63-mk611-gaming-keyboard
  237/947 OK fantech-atom-x66-mk614-mechanical-keyboard
  238/947 OK fantech-atom-x83-mk612-mechanical-keyboard
  239/947 OK fantech-atom104s-mk878s-gaming-keyboard
  240/947 OK fantech-atom63-mk874-v2-mechanical-keyboard
  241/947 OK fantech-atom63-mk874v2-red-switch-mechanical-keyboard
  242/947 OK fantech-atom81-mk875v2-mechanical-keyboard
  243/947 OK fantech-atom81-mk875v2-red-switch-mechanical-keyboard
  244/947 OK fantech-atom87s-mk877s-gaming-keyboard
  245/947 OK fantech-atom96-mk890v2-mechanical-keyboard
  246/947 OK fantech-atom96-mk890v2-red-switch-mechanical-keyboard
  247/947 OK fantech-fighter-k613x-gaming-keyboard
  248/947 OK fantech-ftk-801-numeric-keypad
  249/947 OK fantech-go-k211-bangla-keyboard
  250/947 OK fantech-go-km103-keyboard-and-mouse-combo
  251/947 OK fantech-go-mochi-101-wk899-combo
  252/947 OK fantech-go-mochi-85-wk898-combo
  253/947 OK fantech-go-pop-wk895-keyboard-and-mouse-combo
  254/947 OK fantech-go-wk894-wireless-keyboard-mouse-combo
  255/947 OK fantech-k210-silent-keyboard
  256/947 OK fantech-k3m-keyboard
  257/947 OK fantech-k511-hunter-pro-backlit-gaming-keyboard
  258/947 OK fantech-k512-archer-one-handed-rgb-gaming-keyboard
  259/947 OK fantech-k513-booster-keyboard
  260/947 OK fantech-k611-wired-membrane-gaming-keyboard
  261/947 OK fantech-k612-soldier-rgb-gaming-keyboard
  262/947 OK fantech-k613-gaming-keyboard
  263/947 OK fantech-k613l-fighter-ll-gaming-keyboard
  264/947 OK fantech-k614l-fighter-iii-rgb-gaming-keyboard
  265/947 OK fantech-km100-combo
  266/947 OK fantech-kx-302s-major-gaming-keyboard-and-mouse-combo
  267/947 OK fantech-kx302-combo
  268/947 OK fantech-max-core-mk852-sakura-edition-keyboard
  269/947 OK fantech-max-pro-mk851-keyboard
  270/947 OK fantech-maxfit108-mk855-rgb-mechanical-keyboard
  271/947 OK fantech-maxfit61-mk857-red-switch-rgb-mechanical-keyboard
  272/947 OK fantech-maxfit61-mk857-rgb-mechanical-keyboard
  273/947 OK fantech-maxfit67-mk858-rgb-mechanical-keyboard
  274/947 OK fantech-maxfit67-mk858-rgb-yellow-switch-mechanical-keyboard
  275/947 OK fantech-maxfit67-mk858-white-edition-rgb-mechanical-keyboard
  276/947 OK fantech-maxfit67-mk858-white-edition-rgb-yellow-switch-mechanical-keyboard
  277/947 OK fantech-maxfit8-mk921-wireless-keyboard
  278/947 OK fantech-maxfit81-mk910-gaming-keyboard-barebone
  279/947 OK fantech-maxfit81-mk910-gaming-mechanical-keyboard
  280/947 OK fantech-maxfit87-mk856-mint-edition-mechanical-keyboard
  281/947 OK fantech-maxfit87-mk856-red-switch-rgb-mechanical-keyboard
  282/947 OK fantech-maxfit87-mk856-rgb-mechanical-keyboard
  283/947 OK fantech-maxpower-mk853-mechanical-keyboard
  284/947 OK fantech-maxpower-mk853-red-switch-mechanical-keyboard
  285/947 OK fantech-maxpower-mk853-sakura-edition-mechanical-keyboard
  286/947 OK fantech-mk852-max-core-keyboard
  287/947 OK fantech-mk852max-core-space-edition-keyboard
  288/947 OK fantech-mk872-optilite-mechanical-keyboard
  289/947 OK fantech-mk882-pantheon-mechanical-keyboard
  290/947 OK fantech-mk884-optiluxs-rgb-mechanical-keyboard
  291/947 OK fantech-mk885-optimax-keyboard
  292/947 OK fantech-mvp861-commander-mechanical-keyboard-mouse-combo
  293/947 OK fantech-mvp862-commander-rgb-mechanical-combo
  294/947 OK fantech-p31-hero-keyboard-mouse-mousepad-combo
  295/947 OK fantech-p31-keyboard-mouse-mousepad-combo
  296/947 OK fantech-p51-5-in-1-gaming-combo
  297/947 OK fantech-p51-power-5-in-1-gaming-combo
  298/947 OK fantech-p51-sakura-edition-5-in-1-gaming-combo
  299/947 OK fantech-p51-space-edition-5-in-1-gaming-combo
  300/947 OK fantech-shikari-k515-gaming-keyboard
  301/947 OK fantech-shikari-s-k515s-gaming-keyboard
  302/947 OK fantech-wk-893-combo
  303/947 OK fantech-wkm71-aera-wireless-combo
  304/947 OK furycube-e68-pro-keyboard
  305/947 OK furycube-g87-keyboard
  306/947 OK furycube-ip75-rgb-gaming-keyboard
  307/947 OK furycube-ip98-gaming-keyboard
  308/947 OK furycube-k99-pro-wireless-mechanical-keyboard
  309/947 OK furycube-m30he-keyboard
  310/947 OK furycube-m68he-keyboard
  311/947 OK furycube-v68-mechanical-keyboard
  312/947 OK furycube-x87-mechanical-keyboard
  313/947 OK gamdias-ares-e3-2-in-1-combo
  314/947 OK gamdias-ares-m2-gaming-combo
  315/947 OK gamdias-ares-p2-combo
  316/947 OK gamdias-hermes-e1b-combo
  317/947 OK gamdias-hermes-e2-gaming-keyboard
  318/947 OK gamdias-hermes-e2-mechanical-gaming-keyboard
  319/947 OK gamdias-hermes-e5-2-in-1-combo
  320/947 OK gamdias-hermes-e6-elite-2-in-1-combo
  321/947 OK gamdias-hermes-e7-mechanical-keyboard
  322/947 OK gamdias-hermes-m4-mechanical-keyboard
  323/947 OK gamdias-hermes-m5-keyboard
  324/947 OK gamdias-hermes-m5a-keyboard
  325/947 OK gamdias-hermes-m6-keyboard
  326/947 OK gamdias-hermes-m7-hybrid-mechanical-keyboard
  327/947 OK gamdias-hermes-p2-rgb-keyboard
  328/947 OK gamdias-hermes-p2a-rgb-keyboard
  329/947 OK gamdias-hermes-p3-gaming-keyboard
  330/947 OK gamdias-hrmes-e1a-keyboard-mouse
  331/947 OK gamdias-poseidon-e1-combo-mouse-keyboard-headphone
  332/947 OK gamdias-poseidon-e2-3-in-1-combo
  333/947 OK gamdias-poseidon-m2-4-in-1-gaming-combo
  334/947 OK gamdias-poseidon-m3-5-in-1-combo
  335/947 OK gigabyte-blue-k-85
  336/947 OK gigabyte-km6300-combo
  337/947 OK havit-astralforce-1-mechanical-keyboard
  338/947 OK havit-gamenote-kb870l-mechanical-gaming-keyboard
  339/947 OK havit-gamenote-kb890l-mechanical-gaming-keyboard
  340/947 OK havit-gamenote-kb893l-mechanical-gaming-keyboard
  341/947 OK havit-hv-kb220bt-bluetooth-keyboard
  342/947 OK havit-hv-kb275l-gaming-keyboard
  343/947 OK havit-hv-kb327-keyboard
  344/947 OK havit-hv-kb419l-rgb-gaming-keyboard
  345/947 OK havit-hv-kb501cm-gaming-combo
  346/947 OK havit-kb2006-pro-usb-keyboard
  347/947 OK havit-kb2006-usb-exquisite-keyboard
  348/947 OK havit-kb224-usb-mini-keyboard
  349/947 OK havit-kb234wb-keyboard
  350/947 OK havit-kb235wb-wireless-keyboard
  351/947 OK havit-kb241-keyboard
  352/947 OK havit-kb249-wired-keyboard
  353/947 OK havit-kb250-keyboard
  354/947 OK havit-kb253-usb-wired-keyboard
  355/947 OK havit-kb254gcm-combo
  356/947 OK havit-kb255gcm-wireless-keyboard-and-mouse-combo
  357/947 OK havit-kb257-wired-keyboard
  358/947 OK havit-kb261wb-wireless-keyboard-mouse-combo
  359/947 OK havit-kb270cm-wired-keyboard-and-mouse-combo
  360/947 OK havit-kb271-usb-exquisite-keyboard
  361/947 OK havit-kb278gcm-wireless-keyboard-mouse-combo
  362/947 OK havit-kb376-usb-multimedia-keyboard
  363/947 OK havit-kb378-exquisite-keyboard
  364/947 OK havit-kb487l-multi-function-backlit-gaming-keyboard
  365/947 OK havit-kb488l-multi-function-backlit-keyboard
  366/947 OK havit-kb505l-backlit-gaming-keyboard
  367/947 OK havit-kb510l-gaming-keyboard
  368/947 OK havit-kb660l-usb-multi-function-backlit-keyboard
  369/947 OK havit-kb838l-gaming-keyboard
  370/947 OK havit-kb866l-gaming-keyboard
  371/947 OK havit-kb868cm-wired-gaming-combo
  372/947 OK havit-kb872l-rgb-mechanical-gaming-keyboard
  373/947 OK havit-kb875l-rgb-mechanical-gaming-keyboard
  374/947 OK havit-kb876l-multi-function-backlit-gaming-keyboard
  375/947 OK havit-kb878l-gamenote-multi-function-backlit-keyboard
  376/947 OK havit-kb884l-mechanical-gaming-keyboard
  377/947 OK havit-kb885l-gamenote-rgb-mechanical-keyboard
  378/947 OK havit-kb889cm-rgb-gaming-combo
  379/947 OK havit-kb891cm-combo
  380/947 OK havit-kb892l-mechanical-keyboard
  381/947 OK havit-kb894cm-combo
  382/947 OK havit-kb895l-keyboard
  383/947 OK havit-kb899l-mechanical-keyboard
  384/947 OK havit-kb907cm-combo
  385/947 OK havit-kb922l-gaming-keyboard
  386/947 OK havit-kb926l-gaming-keyboard
  387/947 OK hyperx-alloy-core-rgb-membrane-gaming-keyboard
  388/947 OK hyperx-alloy-fps-pro-mechanical-gaming-keyboard
  389/947 OK hyperx-alloy-fps-pro-mechanical-keyboard
  390/947 OK hyperx-alloy-origins-aqua-switch-mechanical-gaming-keyboard
  391/947 OK hyperx-alloy-origins-blue-switch-mechanical-gaming-keyboard
  392/947 OK hyperx-alloy-origins-core-mechanical-gaming-keyboard
  393/947 OK hyperx-alloy-origins-core-red-switch-mechanical-gaming-keyboard
  394/947 OK hyperx-alloy-origins-mechanical-gaming-keyboard
  395/947 OK imice-ak-200-keyboard
  396/947 OK imice-an-700-wireless-keyboard-mouse-combo
  397/947 OK imice-an-800-wireless-keyboard
  398/947 OK imice-gk-150-mechanical-keyboard
  399/947 OK imice-gk-170-mechanical-keyboard
  400/947 OK imice-gk-300-mechanical-keyboard
  401/947 OK imice-gk-900-mechanical-keyboard
  402/947 OK imice-wk-101-wireless-keyboard
  403/947 OK imice-wk-102-dual-mode-wireless-combo
  404/947 OK inphic-k2-gaming-keyboard
  405/947 OK jedel-gk105-keyboard-mouse-combo
  406/947 OK jedel-gk106-keyboard-mouse-combo
  407/947 OK jedel-k15-keyboard
  408/947 OK jedel-k26-wired-keyboard
  409/947 OK jedel-k29-wired-keyboard
  410/947 OK jedel-k31-gaming-keyboard
  411/947 OK jedel-k37-gaming-keyboard
  412/947 OK jedel-k500-gaming-keyboard
  413/947 OK jedel-k500-plus-gaming-keyboard
  414/947 OK jedel-k601-gaming-keyboard
  415/947 OK jedel-kb-1000-mini-keyboard
  416/947 OK jedel-kl-109-mechanical-keyboard
  417/947 OK jedel-kl-114-mechanical-keyboard
  418/947 OK jedel-kl-122-mechanical-keyboard
  419/947 OK jedel-kl-123-mechanical-keyboard
  420/947 OK jedel-kl-128-mechanical-keyboard
  421/947 OK jedel-kl-138-mechanical-keyboard
  422/947 OK jedel-kl-139-mechanical-keyboard
  423/947 OK jedel-kl-150-mechanical-keyboard
  424/947 OK jedel-kl68-mechanical-keyboard
  425/947 OK jedel-kl69-mechanical-keyboard
  426/947 OK jedel-wesdar-v2-combo
  427/947 OK jedel-wkl-100-mechanical-keyboard
  428/947 OK jedel-ws671-wireless-combo
  429/947 OK jedel-ws681-mini-wireless-combo
  430/947 OK jedel-ws732-wireless-combo
  431/947 OK keychron-b1-pro-keyboard
  432/947 OK keychron-b6-pro-keyboard
  433/947 OK keychron-k2-he-tri-mode-keyboard
  434/947 OK keychron-k3-max-mechanical-keyboard
  435/947 OK keychron-k3-max-se-keyboard
  436/947 OK keychron-k8-max-tri-mode-keyboard
  437/947 OK keychron-q11-qmk-keyboard
  438/947 OK lingbao-mk75-mechanical-keyboard
  439/947 OK logitech-g-613-gaming-keyboard
  440/947 OK logitech-g-pro-mechanical-gaming-keyboard
  441/947 OK logitech-g213
  442/947 OK logitech-g316-x-98-keyboard
  443/947 OK logitech-g413-tkl-se-keyboard
  444/947 OK logitech-g512-carbon-mechanical-keyboard
  445/947 OK logitech-g512-keyboard
  446/947 OK logitech-g515-lightspeed-wireless-gaming-keyboard
  447/947 OK logitech-g515-rapid-tkl-keyboard
  448/947 OK logitech-g515-tkl-gaming-keyboard
  449/947 OK logitech-g813-clicky-mechanical-keyboard
  450/947 OK logitech-g813-mechanical-keyboard
  451/947 OK logitech-g813-tactile-mechanical-keyboard
  452/947 OK logitech-k120-keyboard
  453/947 OK logitech-k250-wireless-keyboard
  454/947 OK logitech-k270-wireless-keyboard
  455/947 OK logitech-k380s-pebble-keys-2-multi-device-keyboard
  456/947 OK logitech-mk200-wired-mouse-keyboard-combo
  457/947 OK logitech-mk215-keyboard-mouse-combo
  458/947 OK logitech-mk220-wireless-keyboard-mouse-combo-with-bangla
  459/947 OK logitech-mk235-combo-keyboard
  460/947 OK logitech-mk240-wireless-keyboard-mouse-combo
  461/947 OK logitech-mk250-bangla-keyboard-mouse-combo
  462/947 OK logitech-mk250-wireless-keyboard-mouse-combo
  463/947 OK logitech-mk270r-keyboard-and-mouse-combo
  464/947 OK logitech-mk295-wireless-keyboard-mouse-combo
  465/947 OK logitech-mk540-wireless-keyboard-and-mouse
  466/947 OK logitech-mx-keys-s-combo
  467/947 OK logitech-mx-keys-s-keyboard
  468/947 OK logitech-mx-keys-wireless-keyboard
  469/947 OK logitech-pebble-2-wireless-keyboard-mouse-combo
  470/947 OK logitech-pop-icon-keys-bluetooth-keyboard
  471/947 OK logitech-pro-x-tkl-rapid-keyboard
  472/947 OK logitech-rugged-folio-keyboard-case-for-ipad
  473/947 OK logitech-slim-folio-ipad-keyboard-case
  474/947 OK logitech-wave-keys-wireless-ergonomic-keyboard
  475/947 OK m1-pro-plus-combo
  476/947 OK magegee-captain72-mechanical-keyboard
  477/947 OK magegee-captain87-mechanical-keyboard
  478/947 OK magegee-gk960-wireless-gaming-combo
  479/947 OK magegee-gk960-wireless-keyboard
  480/947 OK magegee-light100-wireless-mechanical-keyboard
  481/947 OK magegee-light84-wireless-mechanical-keyboard
  482/947 OK magegee-light87-wireless-mechanical-keyboard
  483/947 OK magegee-mk-box-mechanical-keyboard
  484/947 OK magegee-sky87-wireless-keyboard
  485/947 OK magegee-sky98-mechanical-keyboard
  486/947 OK magegee-star61-mechanical-keyboard
  487/947 OK magegee-ts91-gaming-keyboard
  488/947 OK matias-mac-keyboard
  489/947 OK matias-mac-tenkeyless-keyboard
  490/947 OK matias-multi-pairing-keyboard
  491/947 OK matias-wireless-tenkeyless-keyboard
  492/947 OK mchose-ace-60-pro-gaming-keyboard
  493/947 OK mchose-ace-68-air-esports-keyboard
  494/947 OK mchose-ace-68-air-gaming-keyboard
  495/947 OK mchose-ace-68-air-ultra-esports-keyboard
  496/947 OK mchose-ace-68-esports-keyboard
  497/947 OK mchose-ace-68-turbo-esports-he-keyboard
  498/947 OK mchose-g75-pro-mechanical-keyboard
  499/947 OK mchose-g87-mechanical-keyboard
  500/947 OK mchose-g98-pro-mechanical-keyboard
  501/947 OK mchose-gx87s-mechanical-keyboard
  502/947 OK mchose-jet-75-gaming-keyboard
  503/947 OK mchose-jet-75-starburst-gaming-keyboard
  504/947 OK mchose-k87-wireless-mechanical-keyboard
  505/947 OK mchose-k99-mechanical-keyboard
  506/947 OK mchose-mix-87-mechanical-keyboard
  507/947 OK mchose-ut98-mechanical-keyboard
  508/947 OK mchose-x75-mechanical-keyboard
  509/947 OK mchose-z75-wireless-mechanical-keyboard
  510/947 OK mchose-z75s-wireless-mechanical-keyboard
  511/947 OK meetion-directorc-keyboard-mouse-combo
  512/947 OK meetion-mini-4000-keyboard-mouse-combo
  513/947 OK meetion-mk008-pro-mechanical-keyboard
  514/947 OK meetion-mk009-mechanical-keyboard
  515/947 OK meetion-mt-c4120-keyboard-mouse-combo
  516/947 OK meetion-mt-c4120-little-black-combo
  517/947 OK meetion-mt-c4130-keyboard-mouse-combo
  518/947 OK meetion-mt-c500-4-in-1-backlit-gaming-combo
  519/947 OK meetion-mt-c505-gaming-combo
  520/947 OK meetion-mt-c510-keyboard-mouse-combo
  521/947 OK meetion-mt-k200-wired-keyboard
  522/947 OK meetion-mt-k300-wired-keyboard
  523/947 OK meetion-mt-k400-mini-keyboard
  524/947 OK meetion-mt-k410-wired-keyboard
  525/947 OK meetion-mt-k800-kids-keyboard
  526/947 OK meetion-mt-k841-standard-keyboard
  527/947 OK meetion-mt-k9320-gaming-keyboard
  528/947 OK meetion-mt-k9420-gaming-keyboard
  529/947 OK meetion-mt-k9520-gaming-keyboard
  530/947 OK meetion-mt-kb015-left-handed-keyboard
  531/947 OK meetion-mt-mk005-mechanical-keyboard
  532/947 OK meetion-mt-mk005bt-mechanical-keyboard
  533/947 OK meetion-mt-mk007-mechanical-gaming-keyboard
  534/947 OK meetion-mt-mk01-mechanical-gaming-keyboard
  535/947 OK meetion-mt-mk04-tkl-mechanical-gaming-keyboard
  536/947 OK meetion-mt-mk20-mechanical-gaming-keyboard
  537/947 OK meetion-mt-mk500-mechanical-keyboard
  538/947 OK meetion-mt-mk600mx-rgb-mechanical-gaming-keyboard
  539/947 OK meetion-mt-mk600rd-rgb-mechanical-gaming-keyboard
  540/947 OK meetion-mt-mk80-mechanical-keyboard
  541/947 OK meetion-mt-wk410-wireless-keyboard
  542/947 OK meetion-mt-wk841-wireless-keyboard
  543/947 OK meetion-vibekey-b68-gaming-keyboard
  544/947 OK micropack-gk-10-gaming-keyboard
  545/947 OK micropack-k203-basic-usb-keyboard
  546/947 OK micropack-k2208-usb-mini-keyboard
  547/947 OK micropack-km-228w-wireless-keyboard-mouse-combo
  548/947 OK micropack-km-238w-keyboard-mouse-wireless-combo
  549/947 OK microsoft-surface-keyboard-for-surface-pro-8-and-pro-x
  550/947 OK microsoft-surface-pro-12-inch-keyboard-with-slim-pen
  551/947 OK microsoft-surface-pro-4-type-cover
  552/947 OK microsoft-surface-pro-keyboard-black
  553/947 OK microsoft-surface-pro-signature-black-keyboard
  554/947 OK microsoft-surface-pro-signature-keyboard-black
  555/947 OK microsoft-surface-pro-signature-keyboard-sapphire
  556/947 OK microsoft-surface-pro-signature-keyboard-with-slim-pen
  557/947 OK microsoft-surface-pro-signature-keyboard-with-slim-pen-2
  558/947 OK microsoft-surface-pro-signature-type-cover
  559/947 OK microsoft-surface-pro-signature-type-cover-poppy-red
  560/947 OK microsoft-surface-pro-x-keyboard-with-slim-pen
  561/947 OK mofii-666-keyboard-mouse-combo
  562/947 OK mofii-ak-96-wired-mechanical-keyboard
  563/947 OK mofii-bomi-keyboard-mouse-combo
  564/947 OK mofii-candy-m-wired-keyboard
  565/947 OK mofii-geezer-g5-wired-keyboard
  566/947 OK mofii-geezer-g7-mixed-keyboard
  567/947 OK mofii-geezer-honey-s-keyboard-mouse-combo
  568/947 OK mofii-geezer-phoenix-keyboard
  569/947 OK mofii-geezer-the-one-keyboard
  570/947 OK mofii-geezer-z1-keyboard
  571/947 OK mofii-geezer-z5-wireless-keyboard
  572/947 OK mofii-i-bean-keyboard-mouse-combo
  573/947 OK mofii-sk-058-rgb-mechanical-keyboard
  574/947 OK mofii-sk-660agc-keyboard
  575/947 OK mofii-sk-701-wired-keyboard
  576/947 OK mofii-sk-708tm-tri-mode-rgb-keyboard
  577/947 OK mofii-sk-711tm-tri-mode-rgb-keyboard
  578/947 OK mofii-smk-617376ag-keyboard-mouse-combo
  579/947 OK mofii-smk-639-wired-keyboard
  580/947 OK mofii-smk-701m13sag-keyboard-mouse-combo
  581/947 OK mofii-sweet-mixed-keyboard-mouse-combo
  582/947 OK mofii-sweet-pure-keyboard-mouse-combo
  583/947 OK mofii-sweet-wired-keyboard
  584/947 OK mofii-x210-keyboard-mouse-combo
  585/947 OK monka-3087-gasket-mechanical-keyboard
  586/947 OK monka-3087-pro-v2-tri-mode-mechanical-keyboard
  587/947 OK monka-3098-pro-v2-keyboard
  588/947 OK monka-a75-max-keyboard
  589/947 OK monka-a75-max-mechanical-keyboard
  590/947 OK monka-a75-mechanical-keyboard
  591/947 OK monka-k100-tri-mode-mechanical-keyboard
  592/947 OK monka-k75-tri-mode-mechanical-keyboard
  593/947 OK msi-forge-gk100-combo
  594/947 OK msi-forge-gk100-keyboard
  595/947 OK msi-forge-gk300-combo
  596/947 OK msi-vigor-gk20-keyboard
  597/947 OK msi-vigor-gk30-combo
  598/947 OK msi-vigor-gk30-combo-white
  599/947 OK msi-vigor-gk30-gaming-keyboard
  600/947 OK msi-vigor-gk30-white-keyboard
  601/947 OK nzxt-function-full-size-mechanical-keyboard
  602/947 OK nzxt-function-minitkl-compact-mechanical-keyboard
  603/947 OK nzxt-function-tenkeyless-mechanical-keyboard
  604/947 OK onikuma-g32-wired-keyboard
  605/947 OK onikuma-g38-mechanical-keyboard
  606/947 OK onikuma-g52-mechanical-keyboard
  607/947 OK onikuma-g55-mechanical-keyboard
  608/947 OK onikuma-g56-mechanical-keyboard
  609/947 OK onikuma-g58-mechanical-keyboard
  610/947 OK onikuma-g67-gaming-keyboard
  611/947 OK onikuma-g69-mechanical-keyboard
  612/947 OK onikuma-g80-keyboard
  613/947 OK onikuma-g83-keyboard
  614/947 OK onikuma-mt706-mechanical-keyboard
  615/947 OK onikuma-mt707-81-keys-wireless-keyboard
  616/947 OK onikuma-mt902-tri-mode-keyboard
  617/947 OK onikuma-tz3006-3-in-1-gaming-combo
  618/947 OK onikuma-tz5006-5-in-1-gaming-combo
  619/947 OK onikuma-tz5008-gaming-combo
  620/947 OK pc-power-403-office-keyboard
  621/947 OK pc-power-602-wired-office-keyboard
  622/947 OK pc-power-603-wired-office-keyboard
  623/947 OK pc-power-604-office-keyboard
  624/947 OK pc-power-flare-combo-keyboard-mouse
  625/947 OK pc-power-fury-combo-keyboard-mouse
  626/947 OK pc-power-k63-he-gaming-keyboard
  627/947 OK pc-power-k68-wireless-keyboard
  628/947 OK pc-power-k8-wired-gaming-keyboard
  629/947 OK pc-power-k82-rgb-keyboard
  630/947 OK pc-power-k87-mechanical-keyboard
  631/947 OK pc-power-k87-rgb-wired-gaming-keyboard
  632/947 OK pc-power-k98-mechanical-keyboard
  633/947 OK pc-power-kmo2g-keyboard-mouse-combo
  634/947 OK pc-power-kmo2w-keyboard-mouse-combo
  635/947 OK pc-power-l801ta-rgb-gaming-keyboard
  636/947 OK pc-power-l803b-rgb-gaming-keyboard
  637/947 OK pc-power-pcgky601-office-keyboard
  638/947 OK pc-power-pck-126-mini-bangla-keyboard
  639/947 OK pc-power-pck-161-wired-keyboard
  640/947 OK pc-power-pck-226-pcm-936-keyboard-mouse-combo
  641/947 OK pc-power-pgc001d105-combo
  642/947 OK pc-power-pgc1000-gaming-combo
  643/947 OK pc-power-pgc303y103-keyboard-mouse-combo
  644/947 OK pc-power-pgc4in1-gaming-combo
  645/947 OK pc-power-pgc800-4-in-1-gaming-combo
  646/947 OK pc-power-pgc801a105-gaming-keyboard-mouse-combo
  647/947 OK pc-power-pgc801bg13-gaming-keyboard-mouse-combo
  648/947 OK pc-power-pgc801dg17-combo
  649/947 OK pc-power-pgc801g12-combo
  650/947 OK pc-power-pgc801ta01-gaming-keyboard-mouse-combo
  651/947 OK pc-power-pgc900-4-in-1-gaming-combo
  652/947 OK pc-power-pmk-01-mini-keyboard
  653/947 OK pc-power-punk-k110-keyboard
  654/947 OK pc-power-punk-mini-keyboard
  655/947 OK pc-power-silent-98-wired-gaming-keyboard
  656/947 OK pc-power-thock-81-keyboard
  657/947 OK rapoo-8000gt-keyboard-mouse-combo
  658/947 OK rapoo-8000m-wireless-keyboard-and-mouse-combo
  659/947 OK rapoo-8000s-wireless-keyboard-mouse-combo
  660/947 OK rapoo-8210m-multimode-keyboard-mouse
  661/947 OK rapoo-8810me-combo
  662/947 OK rapoo-9000m-wireless-keyboard-mouse-combo
  663/947 OK rapoo-9010m-wireless-keyboard-mouse-combo
  664/947 OK rapoo-9050s-wireless-keyboard-mouse-combo
  665/947 OK rapoo-9300t-wireless-keyboard-mouse-combo
  666/947 OK rapoo-9350m-wireless-keyboard-mouse-combo
  667/947 OK rapoo-9350s-wireless-keyboard-mouse-combo
  668/947 OK rapoo-9500m-wireless-keyboard-mouse-combo
  669/947 OK rapoo-9560m-combo
  670/947 OK rapoo-9800m-wireless-keyboard-mouse-combo
  671/947 OK rapoo-9900m-wireless-keyboard-mouse
  672/947 OK rapoo-e6080-bluetooth-keyboard
  673/947 OK rapoo-e900t-wireless-keyboard
  674/947 OK rapoo-e9050g-multi-mode-wireless-keyboard
  675/947 OK rapoo-e9050l-wireless-keyboard
  676/947 OK rapoo-e9350g-multi-mode-wireless-keyboard
  677/947 OK rapoo-e9350l-wireless-keyboard
  678/947 OK rapoo-esk750-98-backlit-mechanical-keyboard
  679/947 OK rapoo-gk500-87-backlit-mechanical-keyboard
  680/947 OK rapoo-gk500-backlit-mechanical-keyboard
  681/947 OK rapoo-k800-wireless-low-profile-compact-keyboard
  682/947 OK rapoo-k8000m-multi-mode-wireless-keyboard
  683/947 OK rapoo-mk270-dual-keyboard-mouse-combo
  684/947 OK rapoo-mt510pro-mechanical-keyboard
  685/947 OK rapoo-nk1800-usb-keyboard
  686/947 OK rapoo-nk1900-wired-keyboard
  687/947 OK rapoo-nk2600-wired-keyboard
  688/947 OK rapoo-ralemo-pre-5-multi-mode-wireless-keyboard
  689/947 OK rapoo-v500-pro-87-wired-mechanical-gaming-keyboard
  690/947 OK rapoo-v500-pro-mechanical-gaming-keyboard
  691/947 OK rapoo-v500-pro-mechanical-gaming-keyboard-purple
  692/947 OK rapoo-v500-se-usb-backlit-mechanical-gaming-keyboard
  693/947 OK rapoo-v500diy-100-backlit-mechanical-gaming-keyboard
  694/947 OK rapoo-v500pro-98-mechanical-keyboard
  695/947 OK rapoo-v500pro-backlit-mechanical-gaming-keyboard
  696/947 OK rapoo-v500pro-backlit-wired-mechanical-gaming-keyboard
  697/947 OK rapoo-v500pro-mt-multimode-mechanical-gaming-keyboard
  698/947 OK rapoo-v50s-98-gaming-keyboard
  699/947 OK rapoo-v50s-gaming-keyboard
  700/947 OK rapoo-v510c-backlit-mechanical-gaming-keyboard
  701/947 OK rapoo-v700-8a-blue-switch-mechanical-gaming-keyboard
  702/947 OK rapoo-v700diy-75-multi-mode-mechanical-keyboard
  703/947 OK rapoo-v700diy-98-multi-mode-mechanical-keyboard
  704/947 OK rapoo-v700rgb-alloy-backlit-mechanical-keyboard
  705/947 OK rapoo-v720-gaming-keyboard
  706/947 OK rapoo-x130-pro-wired-keyboard-and-mouse-combo
  707/947 OK rapoo-x1500-wireless-keyboard-mouse-combo
  708/947 OK rapoo-x1800-pro-keyboard-mouse-combo
  709/947 OK rapoo-x1800s-mouse-keyboard-combo
  710/947 OK rapoo-x2100-combo
  711/947 OK rapoo-x260s-wireless-mouse-and-keyboard-combo
  712/947 OK razer-blackwidow-chroma-green-switch-gaming-keyboard
  713/947 OK razer-blackwidow-elite-mechanical-gaming-keyboard
  714/947 OK razer-blackwidow-lite-mechanical-keyboad-mercury-white
  715/947 OK razer-blackwidow-lite-stormtrooper-gaming-keyboard
  716/947 OK razer-blackwidow-v3-green-switch-keyboard
  717/947 OK razer-blackwidow-v3-green-switch-mechanical-keyboard
  718/947 OK razer-blackwidow-v3-keyboard
  719/947 OK razer-blackwidow-v3-wired-keyboard
  720/947 OK razer-blackwidow-v4-mechanical-gaming-keyboard
  721/947 OK razer-cynosa-chroma-keyboard
  722/947 OK razer-cynosa-lite-keyboard
  723/947 OK razer-cynosa-lite-viper-mini-gigantus-v2-combo
  724/947 OK razer-cynosa-v2-membrane-gaming-keyboard
  725/947 OK razer-huntsman
  726/947 OK razer-huntsman-elite-clicky-optical-switch-gaming-keyboard
  727/947 OK razer-huntsman-elite-keyboard
  728/947 OK razer-huntsman-elite-keyboard-red-switch
  729/947 OK razer-huntsman-mini-rgb-gaming-keyboard
  730/947 OK razer-huntsman-mini-rgb-gaming-keyboard-purple-switch
  731/947 OK razer-huntsman-tournament-edition-gaming-keyboard
  732/947 OK razer-huntsman-v2-analog-optical-wired-gaming-keyboard
  733/947 OK razer-huntsman-v2-gaming-keyboard
  734/947 OK razer-ornata-expert-pikachu-keyboard
  735/947 OK razer-ornata-v2-hybrid-chroma-rgb-gaming-keyboard
  736/947 OK razer-pro-type-ultra-mechanical-keyboard
  737/947 OK redragon-a130-pudding-keycaps
  738/947 OK redragon-aditya-k513-gaming-keyboard
  739/947 OK redragon-azure-k652-rgb-mechanical-gaming-keyboard
  740/947 OK redragon-bk-7543-keyboard-with-bangla
  741/947 OK redragon-bk-8345-keyboard-with-bangla
  742/947 OK redragon-bs-7092-keyboard-mouse-combo
  743/947 OK redragon-bs-7543-keyboard-mouse-combo
  744/947 OK redragon-bs-8343-wireless-keyboard-mouse-combo
  745/947 OK redragon-bs8772-cb-combo
  746/947 OK redragon-bs8772-gc-combo
  747/947 OK redragon-bs8772-rp-combo
  748/947 OK redragon-deimos-k599-gaming-keyboard
  749/947 OK redragon-elf-pro-k649-transparent-mechanical-keyboard
  750/947 OK redragon-k502-karura-2-rgb-gaming-keyboard
  751/947 OK redragon-k509-dyaus-backlit-gaming-keyboard
  752/947 OK redragon-k512-shiva-rgb-gaming-keyboard
  753/947 OK redragon-k517-varro-gaming-keyboard
  754/947 OK redragon-k521-rainbow-netherbane-keyboard
  755/947 OK redragon-k521-rgb-netherbane-keyboard
  756/947 OK redragon-k522-rgb-gaming-keyboard
  757/947 OK redragon-k530-draconic-rgb-mechanical-blue-switch-keyboard-white
  758/947 OK redragon-k530-draconic-rgb-mechanical-keyboard
  759/947 OK redragon-k530-draconic-rgb-mechanical-red-switch-keyboard
  760/947 OK redragon-k539-anubis-mechanical-keyboard
  761/947 OK redragon-k551rgb-mitra-rgb-backlit-mechanical-keyboard
  762/947 OK redragon-k552-kumara-rainbow-rgb-backlit-mechanical-keyboard
  763/947 OK redragon-k552-kumara-rainbow-rgb-backlit-red-switch-mechanical-keyboard
  764/947 OK redragon-k552rgb-1-kumara-rgb-backlit-mechanical-keyboard
  765/947 OK redragon-k552rgb-1-kumara-rgb-mechanical-keyboard-white
  766/947 OK redragon-k556-devarajas-rgb-mechanical-keyboard
  767/947 OK redragon-k565r-1-rudra-mechanical-keyboard
  768/947 OK redragon-k568-rgb-dark-avenger-mechanical-keyboard
  769/947 OK redragon-k576r-daksa-backlit-mechanical-keyboard
  770/947 OK redragon-k580rgb-vata-rgb-mechanical-keyboard
  771/947 OK redragon-k582-surara-rgb-mechanical-keyboard
  772/947 OK redragon-k586-pro-brahma-mechanical-keyboard
  773/947 OK redragon-k587-pro-magic-wand-mechanical-keyboard
  774/947 OK redragon-k588-pro-broadsword-rgb-mechanical-keyboard
  775/947 OK redragon-k596-vishnu-rgb-mechanical-keyboard
  776/947 OK redragon-k608-valheim-mechanical-gaming-keyboard
  777/947 OK redragon-k616-fizz-pro-mechanical-gaming-keyboard
  778/947 OK redragon-k617-fizz-wired-rgb-gaming-keyboard
  779/947 OK redragon-k618-horus-wireless-rgb-mechanical-keyboard
  780/947 OK redragon-k628-pollux-gaming-keyboard
  781/947 OK redragon-k628-pro-gaming-keyboard
  782/947 OK redragon-k629-phantom-pro-mechanical-keyboard
  783/947 OK redragon-k630-dragonborn-red-switch-rgb-mechanical-keyboard
  784/947 OK redragon-k631-castor-wired-rgb-gaming-keyboard
  785/947 OK redragon-k633cgo-rgb-ryze-mechanical-gaming-keyboard
  786/947 OK redragon-k641-shaco-pro-rgb-mechanical-gaming-keyboard
  787/947 OK redragon-k643-wireless-mechanical-gaming-keyboard
  788/947 OK redragon-k644-se-caraxes-rgb-mechanical-keyboard
  789/947 OK redragon-k656-garen-pro-mechanical-gaming-keyboard
  790/947 OK redragon-k662-black-gray-wireless-mechanical-keyboard
  791/947 OK redragon-k662-gray-black-wireless-mechanical-keyboard
  792/947 OK redragon-k671-sindri-gaming-mechanical-keyboard
  793/947 OK redragon-k705-wg-r-pro-mechanical-keyboard
  794/947 OK redragon-k707-wbb-rgb-keyboard
  795/947 OK redragon-k709-nova-rgb-mechanical-keyboard
  796/947 OK redragon-k715-pro-finke-dual-mode-keyboard
  797/947 OK redragon-s107-ba-keyboard-mouse-combo
  798/947 OK redragon-s107p-ba-4-in-1-gaming-combo
  799/947 OK redragon-s137-4-in-1-gaming-combo
  800/947 OK redragon-shiva-k515-gaming-keyboard
  801/947 OK redragon-ucal-k673-pro-mechanical-gaming-keyboard
  802/947 OK redragon-varro-pro-k517-pro-keyboard
  803/947 OK rk-royal-kludge-rk100-wireless-keyboard
  804/947 OK rk-royal-kludge-rk100-wireless-keyboard-blue-switch
  805/947 OK rk-royal-kludge-rk100-wireless-keyboard-red-switch
  806/947 OK rk-royal-kludge-rk84-wireless-gaming-keyboard
  807/947 OK rk-royal-kludge-rk84-wireless-gaming-keyboard-blue-switch
  808/947 OK rk-royal-kludge-rk84-wireless-gaming-keyboard-red-switch
  809/947 OK rk-royal-kludge-rkg68-blue-switch-wireless-keyboard
  810/947 OK rk-royal-kludge-rkg68-brown-switch-wireless-keyboard
  811/947 OK rk-royal-kludge-rkg68-red-switch-wireless-keyboard
  812/947 OK royal-kludge-m87-keyboard
  813/947 OK royal-kludge-n80-low-profile-tri-mode-keyboard
  814/947 OK royal-kludge-n80-red-switch-rgb-mechanical-keyboard
  815/947 OK royal-kludge-n80-rgb-mechanical-keyboard-pearly-dawn
  816/947 OK royal-kludge-r87-pro-keyboard
  817/947 OK royal-kludge-rk-c61-keyboard
  818/947 OK royal-kludge-rk-h81-blue-switch-mechanical-keyboard
  819/947 OK royal-kludge-rk-h81-brown-switch-mechanical-keyboard
  820/947 OK royal-kludge-rk-h81-mechanical-keyboard
  821/947 OK royal-kludge-rk-l75-mechanical-keyboard
  822/947 OK royal-kludge-rk-l98-wireless-mechanical-keyboard
  823/947 OK royal-kludge-rk-m65-mechanical-keyboard
  824/947 OK royal-kludge-rk-m70-mechanical-keyboard
  825/947 OK royal-kludge-rk-m75-mechanical-keyboard
  826/947 OK royal-kludge-rk-n99-keyboard
  827/947 OK royal-kludge-rk-r65-brown-switch-mechanical-keyboard
  828/947 OK royal-kludge-rk-r65-mechanical-keyboard
  829/947 OK royal-kludge-rk-r75-mechanical-keyboard
  830/947 OK royal-kludge-rk-r87-blue-switch-mechanical-keyboard
  831/947 OK royal-kludge-rk-r87-mechanical-keyboard
  832/947 OK royal-kludge-rk-r87-red-switch-mechanical-keyboard
  833/947 OK royal-kludge-rk-s85-keyboard
  834/947 OK royal-kludge-rk-x87-keyboard
  835/947 OK royal-kludge-rk61-plus-tri-mode-rgb-hotswappable-blue-switch-gaming-keyboard
  836/947 OK royal-kludge-rk61-plus-tri-mode-rgb-hotswappable-mechanical-gaming-keyboard
  837/947 OK royal-kludge-rk61-plus-tri-mode-rgb-hotswappable-red-switch-gaming-keyboard
  838/947 OK royal-kludge-rk61-tri-mode-rgb-mechanical-gaming-keyboard
  839/947 OK royal-kludge-rk68-mechanical-keyboard
  840/947 OK royal-kludge-rk71-blue-switch-mechanical-keyboard
  841/947 OK royal-kludge-rk71-mechanical-keyboard
  842/947 OK royal-kludge-rk71-red-switch-mechanical-keyboard
  843/947 OK royal-kludge-rk84-gateron-blue-switch-keyboard
  844/947 OK royal-kludge-rk84-gateron-brown-switch-keyboard
  845/947 OK royal-kludge-rk84-gateron-red-switch-keyboard
  846/947 OK royal-kludge-rk92-tri-mode-rgb-hotswappable-blue-switch-gaming-keyboard
  847/947 OK royal-kludge-rk92-tri-mode-rgb-hotswappable-brown-switch-gaming-keyboard
  848/947 OK royal-kludge-rk92-tri-mode-rgb-hotswappable-mechanical-gaming-keyboard
  849/947 OK royal-kludge-rk96-blue-switch-mechanical-keyboard
  850/947 OK royal-kludge-rk96-blue-switch-mechanical-keyboard-white
  851/947 OK royal-kludge-rk96-mechanical-keyboard
  852/947 OK royal-kludge-rk96-red-switch-mechanical-keyboard
  853/947 OK royal-kludge-rk96-red-switch-tri-mode-mechanical-keyboard
  854/947 OK royal-kludge-rk96-tri-mode-mechanical-keyboard
  855/947 OK royal-kludge-rk98-blue-switch-mechanical-keyboard
  856/947 OK royal-kludge-rk98-mechanical-keyboard
  857/947 OK royal-kludge-rk98-red-switch-mechanical-keyboard
  858/947 OK royal-kludge-s98-tri-mode-mechanical-keyboard
  859/947 OK steelseries-apex-3-rgb-mechanical-keyboard
  860/947 OK steelseries-apex-3-tkl-rgb-mechanical-keyboard
  861/947 OK steelseries-apex-7-rgb-mechanical-keyboard
  862/947 OK steelseries-apex-7-tkl-mechanical-keyboard
  863/947 OK steelseries-apex-7-tkl-red-switch-mechanical-keyboard
  864/947 OK t-wolf-k220-wired-keyboard
  865/947 OK t-wolf-k68-rgb-mechanical-keyboard
  866/947 OK t-wolf-k81-rgb-mechanical-keyboard
  867/947 OK t-wolf-t13-color-gaming-keyboard
  868/947 OK t-wolf-t15-wired-keyboard
  869/947 OK t-wolf-t16-wired-gaming-keyboard
  870/947 OK t-wolf-t17-rgb-mechanical-gaming-keyboard
  871/947 OK t-wolf-t18-mechanical-keyboard
  872/947 OK t-wolf-t20-wired-rgb-gaming-keyboard
  873/947 OK t-wolf-t30-mechanical-keyboard
  874/947 OK t-wolf-t50-rgb-mechanical-gaming-keyboard
  875/947 OK t-wolf-t60-rgb-mechanical-gaming-keyboard
  876/947 OK t-wolf-t70-tri-mode-rgb-mechanical-gaming-keyboard
  877/947 OK t-wolf-t78-keyboard
  878/947 OK t-wolf-tf100-keyboard-mouse-combo
  879/947 OK t-wolf-tf200-gaming-keyboard-mouse-combo
  880/947 OK t-wolf-tf330-wired-keyboard-mouse
  881/947 OK t-wolf-tf350-keyboard-mouse-combo
  882/947 OK t-wolf-tf400-4-in-1-gaming-combo-set
  883/947 OK t-wolf-tf500-keyboard-and-mouse-combo
  884/947 OK t-wolf-tf600-keyboard-mouse-combo
  885/947 OK t-wolf-tf610-rgb-gaming-keyboard-mouse-combo
  886/947 OK t-wolf-tf660-keyboard-mouse-combo
  887/947 OK t-wolf-tf770-keyboard-mouse-combo
  888/947 OK t-wolf-tf800-4-in-1-gaming-combo-set
  889/947 OK t-wolf-tf950-5-in-1-gaming-combo
  890/947 OK t-wolf-zk82-wired-mechanical-keyboard
  891/947 OK targus-akb862-bluetooth-keyboard
  892/947 OK targus-m610-wireless-mouse-and-keyboard-combo
  893/947 OK thunderobot-k104-keyboard
  894/947 OK thunderobot-kg3089-keyboard
  895/947 OK thunderobot-kg3089-mechanical-keyboard
  896/947 OK thunderobot-kg3089c-keyboard
  897/947 OK thunderobot-kg3089r-keyboard
  898/947 OK thunderobot-vic68se-keyboard
  899/947 OK verbatim-silent-wireless-keyboard-mouse-combo
  900/947 OK verbatim-wired-keyboard-mouse-combo
  901/947 OK verbatim-wireless-keyboard-mouse-combo
  902/947 OK xo-kb-06-mechanical-keyboard
  903/947 OK xo-kb12-wireless-keyboard
  904/947 OK xtreme-k898w-wireless-keyboard
  905/947 OK xtreme-km71g-wired-keyboard
  906/947 OK xtrike-me-cm-406-gaming-combo
  907/947 OK xtrike-me-cmx-410-gaming-combo
  908/947 OK xtrike-me-cmx-411-gaming-combo
  909/947 OK xtrike-me-cmx-415-gaming-combo
  910/947 OK xtrike-me-gk-803-mechanical-keyboard
  911/947 OK xtrike-me-gk-916-keyboard
  912/947 OK xtrike-me-gk-979-wired-gaming-keyboard
  913/947 OK xtrike-me-gk-980-backlit-mechanical-gaming-keyboard
  914/947 OK xtrike-me-gk-985p-mechanical-gaming-keyboard
  915/947 OK xtrike-me-gk-986-backlit-mechanical-gaming-keyboard
  916/947 OK xtrike-me-gk-987g-mechanical-keyboard
  917/947 OK xtrike-me-gk-989-a-mechanical-gaming-keyboard
  918/947 OK xtrike-me-gk-989-b-mechanical-gaming-keyboard
  919/947 OK xtrike-me-gk-989-mechanical-keyboard
  920/947 OK xtrike-me-gk-993w-mechanical-gaming-keyboard
  921/947 OK xtrike-me-gk-994w-mechanical-gaming-keyboard
  922/947 OK xtrike-me-gk-995w-keyboard
  923/947 OK xtrike-me-kb-229-en-wired-keyboard
  924/947 OK xtrike-me-kb-303-wireless-keyboard
  925/947 OK xtrike-me-kb-306-backlit-gaming-keyboard
  926/947 OK xtrike-me-kb-309-gaming-keyboard
  927/947 OK xtrike-me-kb-508-backlit-gaming-keyboard
  928/947 OK xtrike-me-kb-512-a-keyboard
  929/947 OK xtrike-me-mk-207-keyboard-mouse-combo
  930/947 OK xtrike-me-mk-307-wireless-keyboard-mouse-combo
  931/947 OK xtrike-me-mk-880kit-gaming-combo
  932/947 OK xtrike-me-mk-900-gaming-combo
  933/947 OK zifriend-a61k-60-wired-mechanical-keyboard
  934/947 OK zifriend-ag61-rgb-keyboard
  935/947 OK zifriend-ag68-hot-swappable-keyboard
  936/947 OK zifriend-ag98-mechanical-keyboard
  937/947 OK zifriend-bd61-mechanical-keyboard
  938/947 OK zifriend-bd61s-mechanical-keyboard
  939/947 OK zifriend-g87-pro-keyboard
  940/947 OK zifriend-h61k-mechanical-keyboard
  941/947 OK zifriend-ka646-keyboard
  942/947 OK zifriend-rx75-keyboard
  943/947 OK zifriend-rx75-pro-rgb-mechanical-keyboard
  944/947 OK zifriend-t62-rgb-mechanical-keyboard
  945/947 OK zifriend-tk68-mechanical-keyboard
  946/947 OK zifriend-zt82-rgb-mechanical-keyboard
  947/947 OK zifriend-zt98-keyboard
COMPLETED accessories/keyboard.json: 947 products, 0 unmatched
GROUP accessories/memory-card.json: 150 images
  1/150 OK adata-128gb-microsd-class-10-memory-card
  2/150 OK adata-32-gb-micro-sd-card
  3/150 OK adata-64gb-micro-sd-card
  4/150 OK adata-high-endurance-128gb-memory-card
  5/150 OK adata-high-endurance-256gb-uhs-i-memory-card
  6/150 OK adata-high-endurance-512gb-uhs-i-memory-card
  7/150 OK adata-high-endurance-64gb-uhs-i-class-10-memory-card
  8/150 OK adata-premier-256gb-memory-card
  9/150 OK adata-speed-plus-128gb-microsdxc-card
  10/150 OK adata-speed-plus-256gb-microsdxc-card
  11/150 OK adata-speed-plus-512gb-microsdxc-card
  12/150 OK adata-speed-plus-64gb-microsdxc-card
  13/150 OK apacer-256gb-microsdxc-memory-card-with-adapter
  14/150 OK apacer-r100-128gb-memory-card
  15/150 OK apacer-r100-256gb-a2-memory-card
  16/150 OK apacer-r100-256gb-memory-card-with-adapter
  17/150 OK apacer-r100-microsdhc-uhs-1-u1-v10-a1-32gb-memory-card
  18/150 OK apacer-r100-microsdhcsdxc-uhs-i-u1-v10-a1-memory-card
  19/150 OK apacer-r100-microsdxc-64gb-memory-card
  20/150 OK apacer-r100-microsdxc-uhs-i-u3-v30-a1-32gb-memory-card
  21/150 OK apacer-r100-microsdxc-uhs-i-u3-v30-a1-64gb-memory-card
  22/150 OK apacer-r100-microsdxc-uhs-i-u3-v30-a2-512gb-memory-card
  23/150 OK dahua-c100-128gb-microsdxc-memory-card
  24/150 OK dahua-c100-256gb-microsdxc-memory-card
  25/150 OK dahua-c100-512gb-microsdxc-memory-card
  26/150 OK dahua-c100-64gb-microsdxc-memory-card
  27/150 OK dahua-imou-st2-128-s1-128gb-memory-card
  28/150 OK dahua-imou-st2-256-s1-256gb-memory-card
  29/150 OK dahua-st2-64-s1-64gb-microsd-memory-card
  30/150 OK ezviz-d-series-64gb-memory-card
  31/150 OK hiksemi-capture-hs-tf-e3-128gb-memory-card
  32/150 OK hiksemi-capture-hs-tf-e3-256gb-memory-card
  33/150 OK hiksemi-capture-hs-tf-e3-512gb-memory-card
  34/150 OK hiksemi-capture-hs-tf-e3-64gb-memory-card
  35/150 OK hiksemi-future-hs-tf-g3-128gb-memory-card
  36/150 OK hiksemi-future-hs-tf-g3-256gb-memory-card
  37/150 OK hiksemi-future-hs-tf-g3-512gb-memory-card
  38/150 OK hiksemi-future-hs-tf-g3-64gb-memory-card
  39/150 OK hiksemi-hs-tf-c1-neo-ad-128-gb-memory-card
  40/150 OK hiksemi-hs-tf-c1-neo-ad-256-gb-memory-card
  41/150 OK hiksemi-hs-tf-c1-neo-ad-64-gb-memory-card
  42/150 OK hiksemi-hs-tf-cs1-neo-lite-128gb-microsd-card
  43/150 OK hiksemi-hs-tf-cs1-neo-lite-64gb-microsd-card
  44/150 OK hp-mx350-256gb-memory-card
  45/150 OK jovision-jvs-microsd-128g-128gb-memory-card
  46/150 OK jovision-jvs-microsd-64g-64gb-memory-card
  47/150 OK kingston-canvas-select-plus-128gb-memory-card
  48/150 OK kingston-canvas-select-plus-64gb-memory-card
  49/150 OK lexar-cfexpress-type-b-512gb-memory-card
  50/150 OK lexar-high-performance-633x-128gb-memory-card
  51/150 OK lexar-high-performance-633x-256gb-memory-card
  52/150 OK lexar-high-performance-633x-512gb-memory-card
  53/150 OK lexar-high-performance-633x-64gb-memory-card
  54/150 OK lexar-professional-gold-128gb-memory-card
  55/150 OK lexar-professional-gold-256gb-memory-card
  56/150 OK lexar-professional-silver-plus-128gb-microsdxc-memory-card
  57/150 OK lexar-professional-silver-plus-64gb-microsdxc-memory-card
  58/150 OK nikon-xqd-64gb-memory-card
  59/150 OK ocpc-pro-x-u1-c10-128gb-memory-card
  60/150 OK ocpc-pro-x-u1-c10-64gb-memory-card
  61/150 OK pny-elite-128gb-micro-sd-memory-card
  62/150 OK pny-elite-256gb-class-10-micro-sd-memory-card
  63/150 OK pny-elite-64gb-class-10-micro-sd-memory-card
  64/150 OK pny-elite-64gb-class-10-micro-sd-memory-card-with-adapter
  65/150 OK pny-elite-x-128gb-memory-card
  66/150 OK pny-elite-x-256gb-memory-card
  67/150 OK pny-elite-x-64gb-memory-card
  68/150 OK samsung-evo-select-256gb-microsdxc-memory-card
  69/150 OK sandisk-extreme-128gb-190mbps-microsdxc-memory-card
  70/150 OK sandisk-extreme-128gb-compact-flash-memory-card
  71/150 OK sandisk-extreme-1tb-memory-card
  72/150 OK sandisk-extreme-256gb-190mbps-microsdxc-memory-card
  73/150 OK sandisk-extreme-32gb-100mbps-sdhc-memory-card
  74/150 OK sandisk-extreme-512gb-190mbps-microsdxc-memory-card
  75/150 OK sandisk-extreme-64gb-microsdxc-uhs-i-memory-card
  76/150 OK sandisk-extreme-pro-128gb-200mbps-memory-card
  77/150 OK sandisk-extreme-pro-128gb-sdxc-uhs-ii-memory-card
  78/150 OK sandisk-extreme-pro-128gb-uhs-i-memory-card
  79/150 OK sandisk-extreme-pro-256gb-170mbps-memory-card
  80/150 OK sandisk-extreme-pro-256gb-200mbps-memory-card
  81/150 OK sandisk-extreme-pro-256gb-200mbps-sdhc-sdxc-uhs-i-memory-card
  82/150 OK sandisk-extreme-pro-32gb-compact-flash-memory-card
  83/150 OK sandisk-extreme-pro-32gb-microsdxc-uhs-i-memory-card
  84/150 OK sandisk-extreme-pro-32gb-uhs-i-memory-card
  85/150 OK sandisk-extreme-pro-512gb-200mbps-memory-card
  86/150 OK sandisk-extreme-pro-512gb-memory-card
  87/150 OK sandisk-extreme-pro-64gb-200mbps-memory-card
  88/150 OK sandisk-extreme-pro-64gb-compact-flash-memory
  89/150 OK sandisk-extreme-pro-64gb-microsdxc-uhs-i-memory-card
  90/150 OK sandisk-extreme-pro-64gb-sdxc-uhs-ii-memory-card
  91/150 OK sandisk-extreme-pro-cfexpress-256gb-compact-flash-memory-card
  92/150 OK sandisk-extreme-pro-cfexpress-512gb-compact-flash-memory-card
  93/150 OK sandisk-extreme-pro-cfexpress-type-b-128gb-memory-card
  94/150 OK sandisk-ultra-128gb-100mbps-micro-sdxc-uhs-i-memory-card
  95/150 OK sandisk-ultra-128gb-memory-card
  96/150 OK sandisk-ultra-128gb-sdxc-uhs-i-u1-memory-card
  97/150 OK sandisk-ultra-200gb-100mbps-micro-sd-uhs-i-card
  98/150 OK sandisk-ultra-256gb-100mbps-micro-sdxc-uhs-i-memory-card
  99/150 OK sandisk-ultra-256gb-memory-card
  100/150 OK sandisk-ultra-256gb-sdxc-uhs-i-memory-card
  101/150 OK sandisk-ultra-32gb-100mbps-micro-sdhc-uhs-i-memory-card
  102/150 OK sandisk-ultra-32gb-120mbps-micro-sdhc-memory-card
  103/150 OK sandisk-ultra-512gb-micro-sdxc-memory-card
  104/150 OK sandisk-ultra-512gb-microsdxc-uhs-i-memory-card
  105/150 OK sandisk-ultra-64gb-100mbps-micro-sdxc-uhs-i-memory-card
  106/150 OK sandisk-ultra-64gb-sdxc-uhs-i-memory-card
  107/150 OK sandisk-ultra-squab-64gb-microsdxc-uhs-i-memory-card
  108/150 OK smart-eagle-eye-128gb-microsdxc-memory-card
  109/150 OK smart-eagle-eye-32gb-memory-card
  110/150 OK smart-eagle-eye-64gb-microsdxc-memory-card
  111/150 OK sony-cfexpress-type-a-tough-160gb-memory-card
  112/150 OK sony-cfexpress-type-a-tough-320gb-memory-card
  113/150 OK sony-cfexpress-type-a-tough-640gb-memory-card
  114/150 OK sony-cfexpress-type-a-tough-80gb-memory-card
  115/150 OK sony-g-series-xqd-64gb-memory-card
  116/150 OK sony-sf-e-series-uhs-ii-sdxc-64gb-memory-card
  117/150 OK sony-sf-g-tough-series-128gb-memory-card
  118/150 OK sony-sf-g-tough-uhs-ii-sdxc-64gb-memory-card
  119/150 OK sony-sf-m-tough-uhs-ii-sdxc-128gb-memory-card
  120/150 OK sony-sf-m-tough-uhs-ii-sdxc-256gb-memory-card
  121/150 OK sony-sf-m-tough-uhs-ii-sdxc-64gb-memory-card
  122/150 OK team-128gb-microsdhc-sdxc-uhs-i-u1-c10-memory-card
  123/150 OK team-32gb-microsdhc-sdxc-uhs-i-u1-c10-memory-card
  124/150 OK team-32gb-microsdhc-sdxc-uhs-i-u1-memory-card
  125/150 OK team-64gb-microsdhc-sdxc-uhs-i-u1-c10-memory-card
  126/150 OK team-a2-pro-plus-128gb-microsdxc-uhs-i-u3-v30-memory-card
  127/150 OK team-a2-pro-plus-1tb-microsdxc-uhs-i-u3-v30-memory-card
  128/150 OK team-a2-pro-plus-256gb-microsdxc-uhs-i-u3-v30-memory-card
  129/150 OK team-elite-a1-256gb-u3-micro-sdxc-memory-card
  130/150 OK team-a2-pro-plus-512gb-microsdxc-uhs-i-u3-v30-memory-card
  131/150 OK team-micro-sdxc-64gb-c10-uhs-i-memory-card
  132/150 OK team-pro-128gb-sdxc-uhs-i-u3-v30-memory-card
  133/150 OK team-pro-256gb-sdxc-uhs-i-u3-v30-memory-card
  134/150 OK transcend-128gb-100mbps-uhs-i-sd-300s-memory-card
  135/150 OK transcend-128gb-micro-sd-card
  136/150 OK transcend-128gb-micro-sdxc-sdhc-300s-memory-card
  137/150 OK transcend-256gb-micro-sd-uhs-i-u3-memory-card
  138/150 OK transcend-32gb-memory-card
  139/150 OK transcend-512gb-300s-uhs-i-microsdxc-memory-card
  140/150 OK transcend-64gb-micro-sdxc-sdhc-300s-memory-card
  141/150 OK transcend-64gb-uhs-i-sd-300s-memory-card
  142/150 OK transcend-sd-micro-64-gb
  143/150 OK transcend-ts128gusd350v-128gb-uhs-i-u1-memory-card
  144/150 OK transcend-usd340s-128gb-microsdxc-memory-card
  145/150 OK transcend-usd350v-256gb-memory-card
  146/150 OK transcend-usd350v-u1-64gb-microsd-memory-card
  147/150 OK twinmos-128gb-class-10-memory-card
  148/150 OK twinmos-256gb-memory-card
  149/150 OK twinmos-32gb-memory-card
  150/150 OK twinmos-64gb-memory-card
COMPLETED accessories/memory-card.json: 150 products, 0 unmatched
GROUP accessories/microphone.json: 355 images
  1/355 OK a4tech-bloody-gm20-wired-gaming-microphone
  2/355 OK acefast-r1-wireless-lavalier-microphone
  3/355 OK acefast-r2-wireless-microphones
  4/355 OK acefast-r3-wireless-microphones
  5/355 OK acefast-r5-wireless-microphones
  6/355 OK acefast-r7-wireless-microphone
  7/355 OK akg-ara-c22-professional-usb-condenser-microphone
  8/355 OK akg-c104-condenser-microphone
  9/355 OK akg-c114-multi-pattern-condenser-microphone
  10/355 OK akg-c214-condenser-microphone
  11/355 OK akg-c3000-microphone
  12/355 OK akg-c414-xlii-multipattern-condenser-microphone
  13/355 OK akg-c414-xls-condenser-microphone
  14/355 OK akg-lyra-microphone
  15/355 OK akg-p120-microphone
  16/355 OK akg-p170-small-diaphragm-condenser-microphone
  17/355 OK akg-p220-large-diaphragm-true-condenser-microphone
  18/355 OK akg-p420-microphone
  19/355 OK asus-rog-carnyx-c501-gaming-microphone
  20/355 OK audio-technica-at-2035-microphone
  21/355 OK audio-technica-at2020-condenser-microphone
  22/355 OK audio-technica-at2040-dynamic-podcast-microphone
  23/355 OK audio-technica-at2050-microphone
  24/355 OK audio-technica-at4040-microphone
  25/355 OK audio-technica-at4050-microphone
  26/355 OK avermedia-am133-live-streamer-microphone
  27/355 OK avermedia-am310-microphone
  28/355 OK boya-blobby-pro-conference-microphone
  29/355 OK boya-blobby-usb-conference-microphone
  30/355 OK boya-boyalink-2-wireless-microphone-system
  31/355 OK boya-boyalink-3-wireless-microphone
  32/355 OK boya-boyalink-a1-all-in-one-wireless-microphone
  33/355 OK boya-boyalink-a2-all-in-one-wireless-microphone
  34/355 OK boya-boyalink-c2-microphone
  35/355 OK boya-boyalink-wireless-microphone-system
  36/355 OK boya-boyamic-2-wireless-microphone
  37/355 OK boya-boyamic-wireless-microphone-system
  38/355 OK boya-by-bca7-pro-microphone
  39/355 OK boya-by-bm3011-shotgun-microphone
  40/355 OK boya-by-bm57-dynamic-instrument-microphone
  41/355 OK boya-by-bm58-dynamic-vocal-microphone
  42/355 OK boya-by-bm6040-microphone
  43/355 OK boya-by-bm6060-super-cardioid-microphone
  44/355 OK boya-by-cm1-desktop-usb-microphone
  45/355 OK boya-by-dm500-dynamic-studio-microphone
  46/355 OK boya-by-em5-k-uhf-wireless-microphone-system
  47/355 OK boya-by-gm18cb-gooseneck-condenser-microphone
  48/355 OK boya-by-hm2-microphone
  49/355 OK boya-by-m1-pro-ii-lavalier-microphone
  50/355 OK boya-by-m1000-multi-pattern-condenser-microphone
  51/355 OK boya-by-m1000-pro-microphone
  52/355 OK boya-by-m1dm-microphone
  53/355 OK boya-by-m1s-lavalier-microphone
  54/355 OK boya-by-m1v4-wireless-microphone-system
  55/355 OK boya-by-m3-op-clip-on-digital-lavalier-microphone
  56/355 OK boya-by-mc2-conference-microphone
  57/355 OK boya-by-mm1-plus-super-cardioid-shotgun-microphone
  58/355 OK boya-by-pb25-carbon-fiber-boom-pole
  59/355 OK boya-by-pm500-microphone
  60/355 OK boya-by-pm500w-dual-function-microphone
  61/355 OK boya-by-pm700-usb-microphone
  62/355 OK boya-by-pro-wireless-microphone
  63/355 OK boya-by-pvm3000m-shotgun-microphone
  64/355 OK boya-by-v1-wireless-microphone-system
  65/355 OK boya-by-v10-wireless-microphone-system
  66/355 OK boya-by-v2-wireless-microphone-system
  67/355 OK boya-by-v20-wireless-microphone-system
  68/355 OK boya-by-v3-combo-wireless-microphone-system
  69/355 OK boya-by-v30-microphone
  70/355 OK boya-by-v35-microphone
  71/355 OK boya-by-v4-microphone
  72/355 OK boya-by-v4u-wireless-microphone
  73/355 OK boya-by-whm8-pro-handheld-microphone
  74/355 OK boya-by-wm3t-u2-wireless-microphone
  75/355 OK boya-by-wm3t2-d1-mini-wireless-microphone
  76/355 OK boya-by-wm3t2-m2-mini-wireless-microphone
  77/355 OK boya-by-wm4-pro-wireless-lavalier-microphone-system
  78/355 OK boya-by-wm8-pro-k3-uhf-microphone-system
  79/355 OK boya-by-wm8-pro-k4-uhf-wireless-microphone-system
  80/355 OK boya-by-wmic5-m2-dual-channel-wireless-microphone
  81/355 OK boya-by-xm6-hm-wireless-microphone-holder
  82/355 OK boya-by-xm6-k1-wireless-microphone-system-kit
  83/355 OK boya-by-xm6-k2-wireless-microphone-system-kit
  84/355 OK boya-by-xm6-s1-wireless-microphone
  85/355 OK boya-by-xm6-s2-mini-wireless-microphone-system
  86/355 OK boya-by-xm6-s2-wireless-microphone
  87/355 OK boya-castermic-p60d-dynamic-microphone
  88/355 OK boya-castmic-p60-usb-and-xlr-microphone
  89/355 OK boya-cm30-microphone
  90/355 OK boya-k171-microphone-stand
  91/355 OK boya-k3-02-microphone
  92/355 OK boya-k9-microphone
  93/355 OK boya-magic-03-wireless-microphone
  94/355 OK boya-magic-05-wireless-microphone
  95/355 OK boya-mini-12-wireless-microphone
  96/355 OK boya-mini-13-wireless-microphone
  97/355 OK boya-mini-14-wireless-microphone
  98/355 OK boya-mini-16-microphone
  99/355 OK boya-mini-17-microphone
  100/355 OK boya-mini-2-02-microphone
  101/355 OK boya-mini-2-04-microphone
  102/355 OK boya-mini-2-05-microphone
  103/355 OK boya-mini-2-06-wireless-microphone-system
  104/355 OK boya-omic-d-wireless-microphone
  105/355 OK boya-omic-u-wireless-microphone-system
  106/355 OK bwoo-bo-mf02-wireless-microphone
  107/355 OK bwoo-bo-mf03-wireless-microphone
  108/355 OK dji-mic-1-tx-1-rx-fcc
  109/355 OK dji-mic-2-standard-set-1-tx-plus-1-rx
  110/355 OK dji-mic-2-wireless-microphone-system
  111/355 OK dji-mic-3-receiver
  112/355 OK dji-mic-3-transmitter
  113/355 OK dji-mic-mini-2
  114/355 OK dji-mic-mini-2-1tx-1mobilerx-charging-case
  115/355 OK dji-mic-mini-2-2tx-1mobilerx-case-microphone
  116/355 OK dji-mic-mini-2-2tx-1rx-microphone
  117/355 OK dji-mic-mini-2-transmitter
  118/355 OK dji-mic-mini-microphone
  119/355 OK dji-mic-mini-mobile-phone-adapter
  120/355 OK dji-mic-mini-transmitter
  121/355 OK dji-mic-mini-wireless-microphone-system
  122/355 OK dji-mic-wireless-microphone-system
  123/355 OK elgato-wave-3-microphone
  124/355 OK elgato-wave-neo-cardioid-microphone
  125/355 OK fantech-ac902s-flexible-microphone-stand
  126/355 OK fantech-leviosa-air-wmv11c-lavalier-wireless-microphone
  127/355 OK fantech-leviosa-air-wmv11l-lightning-wireless-microphone
  128/355 OK fantech-leviosa-air-wmv21c-type-c-wireless-microphone
  129/355 OK fantech-leviosa-air-wmv21l-wireless-microphone
  130/355 OK fantech-leviosa-live-mcx02-smart-microphone
  131/355 OK fantech-leviosa-mcx01-microphone
  132/355 OK fantech-mcx03-leviosa-max-condenser-microphone
  133/355 OK fantech-mv-01-microphone
  134/355 OK fifine-ampligame-a6t-microphone
  135/355 OK fifine-ampligame-a6v-microphone
  136/355 OK fifine-ampligame-a8-microphone
  137/355 OK fifine-ampligame-a9-microphone
  138/355 OK fifine-ampligame-am6-rgb-microphone
  139/355 OK fifine-ampligame-am8-rgb-microphone
  140/355 OK fifine-ampligame-bm38-microphone-arm-stand
  141/355 OK fifine-amplitank-profile3-microphone
  142/355 OK fifine-amplitank-tank1-microphone
  143/355 OK fifine-amplitank-tank3-microphone
  144/355 OK fifine-bm63-microphone-arm-stand
  145/355 OK fifine-bm66-microphone-arm-stand
  146/355 OK fifine-bm88-microphone-arm-stand
  147/355 OK fifine-cs1-scissor-boom-arm-stand
  148/355 OK fifine-k658-usb-gaming-microphone
  149/355 OK fifine-k669b-usb-microphone
  150/355 OK fifine-k678-microphone
  151/355 OK fifine-k683a-microphone
  152/355 OK fifine-k688-microphone
  153/355 OK fifine-k690-microphone
  154/355 OK fifine-m9-dual-wireless-microphone
  155/355 OK fifine-t683-microphone
  156/355 OK gamdias-pheme-m1-streaming-microphone
  157/355 OK havit-gk51-gamenote-usb-microphone
  158/355 OK havit-gk52-rgb-microphone
  159/355 OK havit-gk55-rgb-gaming-microphone
  160/355 OK havit-gk56b-rgb-usb-microphone
  161/355 OK havit-gk57-rgb-gaming-microphone
  162/355 OK havit-gk58b-gamenote-rgb-usb-microphone
  163/355 OK havit-gk61-gamenote-rgb-microphone
  164/355 OK havit-h207d-stand-microphone
  165/355 OK havit-hv-gk56-rgb-microphone
  166/355 OK havit-hv-m80-microphone
  167/355 OK havit-mc361-clip-microphone
  168/355 OK hoco-l15-dual-wireless-lavalier-microphone
  169/355 OK hoco-l15-lightning-wireless-microphone
  170/355 OK hoco-l15-type-c-lavalier-wireless-microphone
  171/355 OK hoco-l19-wireless-lavalier-microphone
  172/355 OK hoco-l22-wireless-lavalier-microphone
  173/355 OK hoco-l25-rgb-desktop-microphone
  174/355 OK hohem-mic-01-1tx-1rx-microphone
  175/355 OK hohem-mic-01-2tx-1rx-charging-case-microphone
  176/355 OK hollyland-lark-a1-combo-wireless-microphone
  177/355 OK hollyland-lark-m2-wireless-microphone
  178/355 OK hollyland-lark-m2s-wireless-microphone-combo
  179/355 OK hollyland-lark-max-2-combo-microphone
  180/355 OK hollyland-lark-max-duo-wireless-microphone
  181/355 OK htdz-ht-220-microphone-with-amplifier
  182/355 OK htdz-ht-66b-wireless-microphone-system
  183/355 OK htdz-ht-81a-professional-shotgun-microphone
  184/355 OK htdz-ht-88b-uhf-wireless-microphone
  185/355 OK jbl-partybox-wireless-handheld-microphone
  186/355 OK jbl-pbm100-wired-microphone
  187/355 OK jbl-wireless-microphone-set
  188/355 OK lewitt-lct-240-pro-microphone
  189/355 OK lewitt-ray-condenser-microphone
  190/355 OK logitech-mic-pod
  191/355 OK maono-au-100-r-microphone
  192/355 OK maono-au-a03-professional-condenser-studio-microphone-kit
  193/355 OK maono-au-a04-192khz-24bit-usb-microphone
  194/355 OK maono-au-a04-gen2-microphone
  195/355 OK maono-au-ba20-microphone-stand
  196/355 OK maono-au-pm360tr-3-5mm-condenser-microphone
  197/355 OK maono-au-pm401-microphone-set
  198/355 OK maono-au-pm422-professional-cardioid-condenser-mic
  199/355 OK maono-au-pm461tr-192khz-24bit-podcast-condenser
  200/355 OK maono-au-pm461tr-gen-2-microphone
  201/355 OK maono-au-pm461tr-rgb-podcast-condenser-microphone
  202/355 OK maono-ba37-microphone-stand
  203/355 OK maono-ba90-microphone-suspension-boom-arm-stand
  204/355 OK maono-ba91-microphone-arm-stand
  205/355 OK maono-ba92-microphone-arm-stand
  206/355 OK maono-dgm20-gamerwave-condenser-usb-gaming-rgb-microphone
  207/355 OK maono-dgm20s-gamerwave-condenser-microphone
  208/355 OK maono-dm30-rgb-programmable-usb-microphone
  209/355 OK maono-dm40-pro-wireless-microphone
  210/355 OK maono-pd100-podcast-microphone
  211/355 OK maono-pd100u-dynamic-usb-microphone
  212/355 OK maono-pd100w-microphone
  213/355 OK maono-pd100x-dynamic-microphone
  214/355 OK maono-pd200w-hybrid-microphone
  215/355 OK maono-pd200x-usb-xlr-dynamic-microphone
  216/355 OK maono-pd200xs-dynamic-microphone
  217/355 OK maono-pd300x-dynamic-microphone
  218/355 OK maono-pd400x-usb-xlr-dynamic-microphone
  219/355 OK maono-pm450-usb-microphone
  220/355 OK maono-pm500t-dynamic-microphone
  221/355 OK maono-wave-t1-mini-wireless-microphone
  222/355 OK maono-wave-t1-wireless-microphone
  223/355 OK maono-wave-t5-wireless-lavalier-microphone
  224/355 OK meetion-mt-mc13-rgb-microphone
  225/355 OK meetion-mt-mc14-rgb-microphone
  226/355 OK meetion-mt-mc20-wired-microphone
  227/355 OK mirfak-audio-tu1-professional-desktop-microphone
  228/355 OK mirfak-mc1p-lavalier-microphone-lightning-port
  229/355 OK mirfak-we10-pro-dual-transmitter-wireless-microphone
  230/355 OK msi-immerse-gv60-streaming-mic
  231/355 OK neumann-bcm-705-studio-microphone
  232/355 OK neumann-tlm-102-condenser-studio-microphone
  233/355 OK neumann-tlm-103-condenser-studio-microphone
  234/355 OK neumann-tlm-107-condenser-studio-microphone
  235/355 OK neumann-u-87-ai-set-large-diaphragm-condenser-microphone
  236/355 OK onikuma-m730-microphone
  237/355 OK onikuma-m830-gaming-microphone
  238/355 OK onikuma-m930-gaming-microphone
  239/355 OK panasonic-em-2800a-microphone
  240/355 OK rapoo-vs500-omni-directional-rgb-gaming-microphone
  241/355 OK redragon-gm300-blazar-gaming-stream-microphone
  242/355 OK redragon-gm303-rgb-usb-gaming-microphone
  243/355 OK redragon-gm93-athan-lavalier-microphone
  244/355 OK redragon-gm99-stix-usb-microphone
  245/355 OK rode-broadcaster-condenser-microphone
  246/355 OK rode-interview-go-handheld-mic-adaptor
  247/355 OK rode-k2-microphone
  248/355 OK rode-lavalier-ii-microphone
  249/355 OK rode-m1-dynamic-microphone
  250/355 OK rode-m1-s-dynamic-microphone
  251/355 OK rode-m3-versatile-condenser-microphone
  252/355 OK rode-nt-usb-mini-usb-microphone
  253/355 OK rode-nt-usb-plus-usb-microphone
  254/355 OK rode-nt1-5th-generation-studio-condenser-microphone
  255/355 OK rode-nt1-a-microphone
  256/355 OK rode-nt1-microphone
  257/355 OK rode-nt2-a-microphone
  258/355 OK rode-nt2000-large-diaphragm-condenser-microphone
  259/355 OK rode-ntg-1-shotgun-microphone
  260/355 OK rode-ntg3-shotgun-microphone
  261/355 OK rode-ntg4-microphone
  262/355 OK rode-ntg4-plus-microphone
  263/355 OK rode-ntg5-shotgun-microphone
  264/355 OK rode-ntk-microphone
  265/355 OK rode-podmic-usb-broadcast-microphone
  266/355 OK rode-procaster-microphone
  267/355 OK rode-psa1-plus-professional-studio-arm
  268/355 OK rode-sm2-microphone-shock-mount
  269/355 OK rode-sm6-microphone-shock-mount
  270/355 OK rode-videomic-go-ii-analog-usb-camera-mount-microphone
  271/355 OK rode-videomic-go-microphone
  272/355 OK rode-videomic-me-directional-mic
  273/355 OK rode-videomic-ntg-shotgun-microphone
  274/355 OK rode-videomic-pro-on-camera-microphone
  275/355 OK rode-videomic-shotgun-microphone
  276/355 OK rode-videomicro-compact-on-camera-microphone
  277/355 OK rode-videomicro-ii-ultracompact-camera-mount-microphone
  278/355 OK rode-videomicro-microphone
  279/355 OK rode-vlogger-kit-universal-filmmaking-kit
  280/355 OK rode-wireless-go-gen-3-microphone
  281/355 OK rode-wireless-go-ii-microphone-system
  282/355 OK rode-wireless-me-wireless-microphone-system
  283/355 OK rode-wireless-micro-wireless-microphone
  284/355 OK rode-wireless-pro-wireless-microphone
  285/355 OK rode-x-xcm-50-microphone
  286/355 OK rode-x-xdm-100-dynamic-usb-c-microphone
  287/355 OK saramonic-blink-500-b1-microphone-system
  288/355 OK saramonic-blink-500-b2-ultracompact-microphone-system
  289/355 OK saramonic-blink-500-pro-b1-advanced-wireless-mic-system
  290/355 OK saramonic-blink-500-pro-b2-advanced-wireless-mic-system
  291/355 OK saramonic-blink500-b5-microphone-system
  292/355 OK saramonic-blink500-b6-microphone-system
  293/355 OK saramonic-blink500-pro-b5-wireless-microphone-system
  294/355 OK saramonic-lavmicro-u1a-microphone
  295/355 OK saramonic-lavmicro-u1c-microphone
  296/355 OK saramonic-smartmic-basic-microphone
  297/355 OK saramonic-smartmic-di-mini-microphone
  298/355 OK saramonic-sr-mv2000-usb-microphone
  299/355 OK saramonic-sr-xm1-mini-microphone
  300/355 OK saramonic-vmic-mini-shotgun-microphone
  301/355 OK sennheiser-xs-lav-usb-c-lapel-mic
  302/355 OK sennheiser-xs-lav-usb-c-mobile-kit
  303/355 OK sony-ecm-gz1m-zoom-microphone
  304/355 OK sony-ecm-v1bmp-microphone
  305/355 OK sony-uo-ultmic1-wireless-microphone
  306/355 OK steelseries-alias-condenser-microphone
  307/355 OK synco-cmic-v1-condenser-microphone-black
  308/355 OK synco-g3-wireless-microphone-system
  309/355 OK synco-lav-s6d-lavalier-microphone
  310/355 OK synco-mmic-u1p-microphone-black
  311/355 OK synco-vlogger-kit1-microphone-black
  312/355 OK synco-vlogger-kit2-microphone-black
  313/355 OK synco-wmic-t1-lavalier-microphone-black
  314/355 OK synco-wmic-ts-dual-camera-mount-microphone-black
  315/355 OK takstar-bm-621usb-boundary-microphone
  316/355 OK takstar-ch-58-microphone-clamp
  317/355 OK takstar-ps-1-microphone-pop-screen
  318/355 OK takstar-sgc-698-shotgun-microphone
  319/355 OK takstar-w-10-microphone-windscreen
  320/355 OK tev-pro-ii-handheld-wired-microphone
  321/355 OK tev-top-ii-handheld-microphone
  322/355 OK ugreen-cm379-microphone
  323/355 OK ugreen-cm564-microphone
  324/355 OK ugreen-cm769-microphone
  325/355 OK ulanzi-a100-wireless-lavalier-microphone
  326/355 OK ulanzi-a200-wireless-microphone
  327/355 OK ulanzi-a21-wireless-microphone
  328/355 OK ulanzi-a30-wireless-microphone
  329/355 OK ulanzi-hm2301-wireless-lavalier-microphone
  330/355 OK ulanzi-j12-wireless-microphone
  331/355 OK ulanzi-wm-10-wireless-microphone
  332/355 OK wiwu-wi-wm003-duo-mini-microphone
  333/355 OK wiwu-wi-wm005-duo-mini-microphone
  334/355 OK wiwu-wi-wm006-wireless-microphone
  335/355 OK wiwu-wi-wm007-wireless-microphone
  336/355 OK wiwu-wi-wm008-wireless-microphone
  337/355 OK xtrike-me-xmc-02-gaming-microphone
  338/355 OK xtrike-me-xmc-03-gaming-microphone
  339/355 OK yanmai-gf8-wireless-microphone
  340/355 OK yanmai-gm-610-gaming-microphone
  341/355 OK yanmai-gm7-lite-gaming-microphone
  342/355 OK yanmai-q1-gaming-microphone
  343/355 OK yanmai-q18-gaming-microphone
  344/355 OK yanmai-q3g-gaming-microphone
  345/355 OK yanmai-q3r-gaming-microphone
  346/355 OK yanmai-q8-studio-microphone
  347/355 OK yanmai-q9-studio-microphone
  348/355 OK yanmai-sf-666r-gaming-microphone
  349/355 OK yanmai-sf-777r-gaming-microphone
  350/355 OK yanmai-sf-777w-rgb-wireless-microphone
  351/355 OK yanmai-x1-gaming-microphone
  352/355 OK yanmai-x1r-gaming-microphone
  353/355 OK yanmai-x2-gaming-microphone
  354/355 OK yanmai-x3r-gaming-microphone
  355/355 OK yanmai-x3w-rgb-wireless-microphone
COMPLETED accessories/microphone.json: 355 products, 0 unmatched
GROUP accessories/mouse.json: 757 images
  1/757 OK a4-tech-bloody-a90-gaming-mouse
  2/757 OK a4-tech-q5081s
  3/757 OK a4-tech-q8181s-neon-x-glide-mouse-and-mouse-pad
  4/757 OK a4tech-bloody-a70-light-strike-gaming-mouse
  5/757 OK a4tech-bloody-es7-rgb-gaming-mouse
  6/757 OK a4tech-bloody-j90s-2-fire-rgb-mouse
  7/757 OK a4tech-bloody-j95s-mouse
  8/757 OK a4tech-bloody-p91s-rgb-gaming-mouse
  9/757 OK a4tech-bloody-q80-mouse
  10/757 OK a4tech-bloody-r36-ultra-gaming-mouse
  11/757 OK a4tech-bloody-r72-pro-duo-mouse
  12/757 OK a4tech-bloody-r72-ultra-duo-mouse
  13/757 OK a4tech-bloody-r72-ultra-mouse
  14/757 OK a4tech-bloody-r73-pro-mouse
  15/757 OK a4tech-bloody-r73-ultra-duo-mouse
  16/757 OK a4tech-bloody-r73-ultra-mouse
  17/757 OK a4tech-bloody-v3ma-gaming-mouse
  18/757 OK a4tech-bloody-w70-max-gaming-mouse
  19/757 OK a4tech-bloody-w72-ultra-gaming-mouse
  20/757 OK a4tech-bloody-x5-max-rgb-mouse
  21/757 OK a4tech-fb12-fstyler-dual-mode-wireless-mouse
  22/757 OK a4tech-fb35-fstyler-multimode-mouse
  23/757 OK a4tech-fb35c-fstyler-dual-mode-recharegable-wireless-mouse
  24/757 OK a4tech-fb35cs-fstyler-bluetooth-wireless-mouse
  25/757 OK a4tech-fg10-wireless-mouse
  26/757 OK a4tech-fg12-fstyler-wireless-mouse
  27/757 OK a4tech-fg20-fstyler-wireless-mouse
  28/757 OK a4tech-fg30-wireless-mouse
  29/757 OK a4tech-fg35-fstyler-wireless-mouse
  30/757 OK a4tech-fm10-fstyler-mouse
  31/757 OK a4tech-fm12-fstyler-usb-mouse-black
  32/757 OK a4tech-fstyler-fb10c-wireless-mouse
  33/757 OK a4tech-fstyler-fb10cs-wireless-mouse
  34/757 OK a4tech-fstyler-fb50c-plus-wireless-mouse
  35/757 OK a4tech-fstyler-fb50cs-plus-mouse
  36/757 OK a4tech-fstyler-fg15c-air2-dual-mode-mouse
  37/757 OK a4tech-fstyler-fm50-plus-mouse
  38/757 OK a4tech-g3-200n-mouse
  39/757 OK a4tech-g3-270-wireless-mouse
  40/757 OK a4tech-g3-280n-mouse
  41/757 OK a4tech-g3-300n-wireless-mouse
  42/757 OK a4tech-g3-400n-wireless-mouse
  43/757 OK a4tech-j90-rgb-mouse
  44/757 OK a4tech-n-530-mouse
  45/757 OK a4tech-n-70fx-mouse
  46/757 OK a4tech-op-330-usb-wired-mouse
  47/757 OK a4tech-op-550nu-mouse
  48/757 OK a4tech-op-550s-silent-wired-mouse
  49/757 OK a4tech-op-620d
  50/757 OK a4tech-op-720-usb-mouse
  51/757 OK a4tech-op-730d-mouse
  52/757 OK ajazz-aj039-gaming-mouse
  53/757 OK ajazz-aj039-v2-wired-gaming-mouse
  54/757 OK ajazz-aj039-v2-wireless-gaming-mouse
  55/757 OK ajazz-aj039-wireless-mouse
  56/757 OK ajazz-aj139-v2-mc-mouse
  57/757 OK ajazz-aj139p-v3-max-wireless-mouse
  58/757 OK ajazz-aj139pro-dual-mode-wireless-gaming-mouse
  59/757 OK ajazz-aj159-apex-mouse
  60/757 OK ajazz-aj159-gaming-mouse
  61/757 OK ajazz-aj159-nl-l-bat-life-mouse
  62/757 OK ajazz-aj159-nl-mouse
  63/757 OK ajazz-aj159-nl-p-tri-mode-gaming-mouse
  64/757 OK ajazz-aj159-pro-mouse
  65/757 OK ajazz-aj179-gaming-mouse
  66/757 OK ajazz-aj179-nl-l-bat-life-mouse
  67/757 OK ajazz-aj179-v2-max-mouse
  68/757 OK ajazz-aj179p-mouse
  69/757 OK ajazz-aj199-max-tri-mode-wireless-gaming-mouse
  70/757 OK ajazz-aj199-tri-mode-gaming-mouse
  71/757 OK ajazz-aj200-nl-ai-mc-tri-mode-mouse
  72/757 OK ajazz-i300-mouse
  73/757 OK ajazz-nj01-mouse
  74/757 OK ajazz-nj02-mouse
  75/757 OK ajazz-nj05-mouse
  76/757 OK ajazz-nj07-mc-wireless-mouse
  77/757 OK ajazz-nj07-mouse
  78/757 OK ajazz-nj08-mc-wireless-gaming-mouse
  79/757 OK ajazz-nj11-mc-wireless-gaming-mouse
  80/757 OK apple-magic-mouse
  81/757 OK apple-magic-mouse-2-black
  82/757 OK apple-magic-mouse-mxk53za-a
  83/757 OK apple-magic-trackpad-white-multi-touch-surface
  84/757 OK asus-cw100-wireless-keyboard-and-mouse-combo
  85/757 OK asus-marshmallow-md100-wireless-mouse
  86/757 OK asus-md102-wireless-mouse
  87/757 OK asus-md105-wireless-mouse
  88/757 OK asus-mw103-wireless-mouse
  89/757 OK asus-mw203-wireless-silent-mouse
  90/757 OK asus-p301-1a-rog-sica-optical-gaming-mouse
  91/757 OK asus-p307-tuf-gaming-m4-air-mouse
  92/757 OK asus-p508-rog-strix-carry-mouse
  93/757 OK asus-p511-rog-chakram-core-gaming-mouse
  94/757 OK asus-p704-rog-chakram-gaming-mouse
  95/757 OK asus-p707-rog-spatha-x-dual-mode-rgb-gaming-mouse
  96/757 OK asus-proart-md300-wireless-mouse
  97/757 OK asus-rog-chakram-x-origin-gaming-mouse
  98/757 OK asus-rog-gladius-ii-gaming-mouse
  99/757 OK asus-rog-gladius-iii-gaming-mouse
  100/757 OK asus-rog-gladius-iii-wireless-aimpoint-gaming-mouse
  101/757 OK asus-rog-gladius-iii-wireless-gaming-mouse
  102/757 OK asus-rog-harpe-ace-aim-lab-edition-gaming-mouse
  103/757 OK asus-rog-harpe-ii-ace-mouse
  104/757 OK asus-rog-keris-gaming-mouse
  105/757 OK asus-rog-keris-ii-ace-gaming-mouse
  106/757 OK asus-rog-keris-ii-origin-mouse
  107/757 OK asus-rog-pugio-ii-gaming-mouse
  108/757 OK asus-rog-spatha-mouse
  109/757 OK asus-rog-strix-impact-iii-wireless-gaming-mouse
  110/757 OK asus-smarto-md200-wireless-mouse
  111/757 OK asus-tuf-gaming-m3-gen-ii-p309-mouse
  112/757 OK asus-tuf-gaming-m4-wireless-gaming-mouse
  113/757 OK asus-ut280-mouse
  114/757 OK asus-ux300-pro-mouse
  115/757 OK asus-wt200-optical-wireless-mouse
  116/757 OK asus-wt300-wireless-optical-mouse
  117/757 OK asus-wt425-wireless-mouse
  118/757 OK aula-am104-wired-mouse
  119/757 OK aula-am205-wireless-mouse
  120/757 OK aula-f805-wired-gaming-mouse
  121/757 OK aula-f806-optical-gaming-mouse
  122/757 OK aula-f808-wired-gaming-mouse
  123/757 OK aula-f809-macro-programming-gaming-mouse
  124/757 OK aula-f810-honeycomb-gaming-mouse
  125/757 OK aula-f812-wired-rgb-gaming-mouse
  126/757 OK aula-f813-pro-gaming-mouse
  127/757 OK aula-f815-rgb-gaming-mouse
  128/757 OK aula-f816-rgb-gaming-mouse
  129/757 OK aula-f820-wired-gaming-mouse
  130/757 OK aula-h-512-wired-gaming-mouse
  131/757 OK aula-h508-wired-gaming-mouse
  132/757 OK aula-h510-wired-gaming-mouse
  133/757 OK aula-s11-pro-wired-gaming-mouse
  134/757 OK aula-s11-rgb-gaming-mouse
  135/757 OK aula-s13-wired-gaming-mouse
  136/757 OK aula-s18-optical-gaming-mouse
  137/757 OK aula-s20-optical-gaming-mouse
  138/757 OK aula-s35-gaming-mouse
  139/757 OK aula-s50-optical-gaming-mouse
  140/757 OK aula-sc300-rechargeable-wireless-mouse
  141/757 OK aula-sc390-wireless-gaming-mouse
  142/757 OK aula-sc520-wireless-mouse
  143/757 OK aula-sc680-wireless-gaming-mouse
  144/757 OK aula-sc800-wireless-gaming-mouse
  145/757 OK aula-sc900-wireless-gaming-mouse
  146/757 OK baseus-f01b-wireless-mouse
  147/757 OK baseus-f02-wireless-mouse
  148/757 OK corsair-glaive-gaming-mouse
  149/757 OK corsair-glaive-rgb-pro-gaming-mouse
  150/757 OK corsair-harpoon-rgb-gaming-mouse
  151/757 OK corsair-ironclaw-gaming-mouse
  152/757 OK corsair-ironclaw-wireless-gaming-mouse
  153/757 OK corsair-katar-pro-gaming-mouse
  154/757 OK corsair-katar-pro-mouse
  155/757 OK corsair-m75-air-wireless-gaming-mouse
  156/757 OK corsair-m55-mouse
  157/757 OK corsair-sabre-rgb-pro-champion-series-gaming-mouse
  158/757 OK cougar-revenger-pro-4k-mouse
  159/757 OK dareu-a-918-freedom-wireless-gaming-mouse
  160/757 OK dareu-a918x-wireless-gaming-mouse
  161/757 OK dareu-a918x-wireless-gaming-mouse-white
  162/757 OK dareu-a950-air-wireless-gaming-mouse
  163/757 OK dareu-a950-pro-al-magnesium-alloy-gaming-mouse
  164/757 OK dareu-a950-pro-gaming-mouse
  165/757 OK dareu-a950-tri-mode-gaming-mouse
  166/757 OK dareu-a950-wing-wireless-gaming-mouse
  167/757 OK dareu-a960s-storm-ultralight-rgb-gaming-mouse
  168/757 OK dareu-em901x-rgb-wireless-gaming-mouse
  169/757 OK dareu-em903-wireless-gaming-mouse
  170/757 OK dareu-em907-butterfly-rgb-gaming-mouse
  171/757 OK dareu-em907-firefly-rgb-gaming-mouse
  172/757 OK dareu-em908-victor-rgb-gaming-mouse
  173/757 OK dareu-em908-victor-rgb-gaming-mouse-pink
  174/757 OK dareu-em911-rgb-gaming-mouse
  175/757 OK dareu-em911x-rgb-gaming-mouse
  176/757 OK dareu-lm106g-wireless-office-mouse
  177/757 OK dareu-lm135d-wireless-mouse
  178/757 OK dareu-vigor-lm130-gaming-mouse
  179/757 OK deepcool-mg350-fps-gaming-mouse
  180/757 OK deepcool-mg510-wireless-gaming-mouse
  181/757 OK durgod-hi-click-wireless-gaming-mouse
  182/757 OK durgod-v90-pro-gaming-mouse
  183/757 OK durgod-v95s-gaming-mouse
  184/757 OK fantech-aria-xd7-wireless-gaming-mouse
  185/757 OK fantech-blake-s-wgc5s-gaming-mouse
  186/757 OK fantech-cruiser-ii-wg11v2rd-wireless-gaming-mouse
  187/757 OK fantech-cruiser-wg11-wireless-mouse
  188/757 OK fantech-cruiser-wg11-wireless-mouse-space-edition
  189/757 OK fantech-crypto-ii-wg7v2-mouse
  190/757 OK fantech-crypto-ii-wg7v2rd-wireless-mouse
  191/757 OK fantech-crypto-wgc3-gaming-mouse
  192/757 OK fantech-g10-rhasta-mouse
  193/757 OK fantech-g13-rhasta-ii-pro-gaming-mouse
  194/757 OK fantech-go-w190d-wireless-mouse
  195/757 OK fantech-go-w191-pink-wireless-mouse
  196/757 OK fantech-go-w191-white-wireless-mouse
  197/757 OK fantech-go-w191-wireless-mouse
  198/757 OK fantech-go-w192-white-wireless-mouse
  199/757 OK fantech-go-w192-wireless-mouse
  200/757 OK fantech-go-w193-dual-mode-wireless-mouse
  201/757 OK fantech-go-w193d-wireless-mouse
  202/757 OK fantech-go-w605-wireless-mouse
  203/757 OK fantech-go-w606-wireless-mouse
  204/757 OK fantech-go-w607-wireless-mouse
  205/757 OK fantech-go-w608-wireless-mouse
  206/757 OK fantech-go-w609-wireless-mouse
  207/757 OK fantech-helios-go-xd5-wireless-gaming-mouse
  208/757 OK fantech-helios-go-xd5-wireless-mouse-space-edition
  209/757 OK fantech-helios-ux3-rgb-gaming-mouse
  210/757 OK fantech-helios-ux3-space-edition-gaming-mouse
  211/757 OK fantech-helios-xd3-pro-gaming-mouse
  212/757 OK fantech-helios-xd3-pro-sakura-edition-gaming-mouse
  213/757 OK fantech-helios-xd3-pro-space-edition-gaming-mouse
  214/757 OK fantech-hive-ux2-mouse
  215/757 OK fantech-kanata-s-wg9s-gaming-mouse
  216/757 OK fantech-kanata-vx9-gaming-mouse
  217/757 OK fantech-kanata-vx9s-gaming-mouse
  218/757 OK fantech-kanata-wg9rd-wireless-gaming-mouse
  219/757 OK fantech-phantom-ii-vx6-gaming-mouse-white
  220/757 OK fantech-phantom-ii-vx6-macro-gaming-mouse
  221/757 OK fantech-prisma-mb01-mouse-bungee
  222/757 OK fantech-prisma-mb01-mouse-bungee-sakura-edition
  223/757 OK fantech-prisma-mb01-mouse-bungee-space-edition
  224/757 OK fantech-prisma-mbr01-mouse-bungee
  225/757 OK fantech-raigor-gen-iii-wg12rs-gaming-mouse
  226/757 OK fantech-raigor-iii-wg12-gaming-mouse
  227/757 OK fantech-raigor-iii-wg12r-rechargeable-gaming-mouse
  228/757 OK fantech-t532-mouse
  229/757 OK fantech-t533-wired-premium-office-mouse
  230/757 OK fantech-tanto-e-wg13e-mouse
  231/757 OK fantech-ux1-hero-ultimate-gaming-mouse
  232/757 OK fantech-venom-ii-wgc2-gaming-mouse
  233/757 OK fantech-venom-ii-wgc2-mint-edition-mouse
  234/757 OK fantech-venom-ii-wgc2-plus-sakura-edition-wireless-gaming-mouse
  235/757 OK fantech-venom-ii-wgc2-plus-space-edition-wireless-gaming-mouse
  236/757 OK fantech-venom-ii-wgc2-plus-wireless-gaming-mouse
  237/757 OK fantech-venom-ii-wgc2-space-edition-gaming-mouse
  238/757 OK fantech-venom-ii-wgc2-wireless-gaming-mouse
  239/757 OK fantech-vx7-crypto-mouse
  240/757 OK fantech-vx7-crypto-sakura-edition-gaming-mouse
  241/757 OK fantech-vx7-crypto-space-edition-gaming-mouse
  242/757 OK fantech-w188-office-mouse
  243/757 OK fantech-w188-white-office-mouse
  244/757 OK fantech-w189-mouse
  245/757 OK fantech-w190-bluetooth-wireless-mouse
  246/757 OK fantech-w190-wireless-mouse-mint-edition
  247/757 OK fantech-w603-go-wireless-mouse
  248/757 OK fantech-wg10-raigor-ii-mouse
  249/757 OK fantech-wg9-kanata-gaming-mouse
  250/757 OK fantech-wgc1-venom-mouse
  251/757 OK fantech-x11-daredevil-rgb-gaming-mouse
  252/757 OK fantech-x14-ranger-gaming-mouse
  253/757 OK fantech-x15-phantom-gaming-mouse
  254/757 OK fantech-x16-thor-ii-mouse
  255/757 OK fantech-x17-blake-gaming-mouse
  256/757 OK fantech-x17-blake-space-edition-gaming-mouse
  257/757 OK fantech-x17-pro-blake-rgb-gaming-mouse
  258/757 OK fantech-x4s-titan-mouse
  259/757 OK fantech-x8-combat-gaming-mouse
  260/757 OK fantech-x9-thor-macro-rgb-gaming-mouse
  261/757 OK fantech-yari-e-wg14e-wireless-gaming-mouse
  262/757 OK fantech-zeus-x5s-macro-programmable-gaming-mouse
  263/757 OK furycube-g1-mouse
  264/757 OK furycube-g13pro-mouse
  265/757 OK furycube-g9-pro-mouse
  266/757 OK furycube-g9-ultra-mouse
  267/757 OK gamdias-aura-gs3-mouse
  268/757 OK gamdias-aura-gs4-mouse
  269/757 OK gigabyte-aorus-m2-mouse
  270/757 OK gigabyte-aorus-m3-rgb-gaming-mouse
  271/757 OK gigabyte-aorus-m4-rgb-mouse
  272/757 OK gigabyte-aorus-m5-rgb-gaming-mouse
  273/757 OK havit-gamenote-hv-ms1001s-rgb-gaming-mouse
  274/757 OK havit-gamenote-hv-ms1005-mouse
  275/757 OK havit-gamenote-ms1023-mouse
  276/757 OK havit-hv-ms1003-rgb-gaming-mouse
  277/757 OK havit-hv-ms1010-gaming-mouse
  278/757 OK havit-hv-ms1016-usb-gaming-mouse
  279/757 OK havit-hv-ms1022-rgb-gaming-mouse
  280/757 OK havit-hv-ms1027-gaming-mouse
  281/757 OK havit-hv-ms626gt-wireless-mouse
  282/757 OK havit-hv-ms66gt-wireless-mouse
  283/757 OK havit-hv-ms689-usb-optical-mouse
  284/757 OK havit-hv-ms753-mouse
  285/757 OK havit-hv-ms814-rgb-gaming-mouse
  286/757 OK havit-hv-ms989gt-wireless-mouse
  287/757 OK havit-ms1008-rgb-backlit-gaming-mouse
  288/757 OK havit-ms1011se-rgb-gaming-mouse
  289/757 OK havit-ms1014-wired-gaming-mouse
  290/757 OK havit-ms1020-rgb-backlit-gaming-mouse
  291/757 OK havit-ms1020s-mouse
  292/757 OK havit-ms1020wb-gaming-mouse
  293/757 OK havit-ms1026-rgb-gaming-mouse
  294/757 OK havit-ms1028-rgb-backlit-gaming-mouse
  295/757 OK havit-ms1029-rgb-wired-gaming-mouse
  296/757 OK havit-ms1030-rgb-wired-gaming-mouse
  297/757 OK havit-ms1033-rgb-wired-gaming-mouse
  298/757 OK havit-ms1034-rgb-gaming-mouse
  299/757 OK havit-ms1035-rgb-gaming-mouse
  300/757 OK havit-ms1036-rgb-wired-gaming-mouse
  301/757 OK havit-ms1038-gaming-mouse
  302/757 OK havit-ms1038wb-gaming-mouse
  303/757 OK havit-ms1040-rgb-backlit-programmable-gaming-mouse
  304/757 OK havit-ms4254-gaming-mouse
  305/757 OK havit-ms46wb-wireless-mouse
  306/757 OK havit-ms50wb-mouse
  307/757 OK havit-ms51wb-dual-mode-wireless-mouse
  308/757 OK havit-ms53wb-wireless-mouse
  309/757 OK havit-ms54gt-mouse
  310/757 OK havit-ms550gt-vertical-wireless-gaming-mouse
  311/757 OK havit-ms57gt-wireless-mouse
  312/757 OK havit-ms59wb-mouse
  313/757 OK havit-ms61wb-wireless-mouse
  314/757 OK havit-ms65wb-bluetooth-wireless-mouse
  315/757 OK havit-ms68-rgb-gaming-mouse
  316/757 OK havit-ms68gt-rgb-wireless-mouse
  317/757 OK havit-ms70-wired-optical-mouse
  318/757 OK havit-ms72-cool-mouse
  319/757 OK havit-ms752-wired-optical-mouse
  320/757 OK havit-ms76gt-plus-wireless-optical-mouse
  321/757 OK havit-ms78gt-wireless-mouse
  322/757 OK havit-ms81-wired-mouse
  323/757 OK havit-ms812-rgb-backlit-gaming-mouse
  324/757 OK havit-ms851-usb-mouse
  325/757 OK havit-ms858gt-wireless-mouse
  326/757 OK havit-ms871-optical-usb-mouse
  327/757 OK havit-ms885-rgb-backlit-gaming-mouse
  328/757 OK havit-ms925gt-mouse
  329/757 OK havit-ms951gt-wireless-optical-mouse
  330/757 OK havit-ms959-rgb-backlit-gaming-mouse
  331/757 OK havit-ms960-rgb-wired-gaming-mouse
  332/757 OK havit-ms966-rgb-gaming-mouse
  333/757 OK havit-ms966wb-gaming-mouse
  334/757 OK havit-ms970wb-pro-tri-mode-rechargeable-gaming-mouse
  335/757 OK havit-starblaze-2-gaming-mouse
  336/757 OK hoco-di43-robot-wireless-mouse
  337/757 OK hoco-gm25-mouse
  338/757 OK hoco-gm37-mouse
  339/757 OK hoco-gm50-wired-mouse
  340/757 OK hyperx-pulsefire-dart-wireless-gaming-mouse
  341/757 OK hyperx-pulsefire-haste-2-gaming-mouse
  342/757 OK hyperx-pulsefire-haste-gaming-mouse
  343/757 OK hyperx-pulsefire-surge-rgb-gaming-mouse
  344/757 OK imice-dark-knight-x7-wired-optical-gaming-mouse
  345/757 OK imice-e-1500-wireless-mouse
  346/757 OK imice-g200-wireless-gaming-mouse
  347/757 OK imice-g203-rgb-gaming-mouse
  348/757 OK imice-gw-x7-wireless-gaming-mouse
  349/757 OK imice-m1-wired-mouse
  350/757 OK imice-t400-wireless-mouse
  351/757 OK imice-t60-honeycomb-rgb-gaming-mouse
  352/757 OK imice-t93-gaming-mouse
  353/757 OK imice-t98-honeycomb-gaming-mouse
  354/757 OK imice-w-618-rechargeable-dual-wireless-mouse
  355/757 OK imice-w-618-wireless-gaming-mouse
  356/757 OK imice-x-1-rgb-gaming-mouse
  357/757 OK imice-x4-gaming-mouse
  358/757 OK inphic-a1-wireless-mouse
  359/757 OK inphic-a9-explorer-mouse
  360/757 OK inphic-a9-explorer-v2-mouse
  361/757 OK inphic-b1-mouse
  362/757 OK inphic-b8-mouse
  363/757 OK inphic-calo-wireless-mouse
  364/757 OK inphic-dr01-wireless-mouse
  365/757 OK inphic-dr801-wireless-mouse
  366/757 OK inphic-f1-wireless-mouse
  367/757 OK inphic-f8-wireless-mouse
  368/757 OK inphic-f9-gaming-mouse
  369/757 OK inphic-hyperbee-wireless-mouse
  370/757 OK inphic-in10p-wireless-mouse
  371/757 OK inphic-in10r-wireless-mouse
  372/757 OK inphic-in6-v3-wireless-gaming-mouse
  373/757 OK inphic-in9-pro-wireless-mouse
  374/757 OK inphic-in9-wireless-mouse
  375/757 OK inphic-m1-ii-wireless-mouse
  376/757 OK inphic-m1-pro-wireless-mouse
  377/757 OK inphic-m1-wireless-mouse
  378/757 OK inphic-m2-wireless-mouse
  379/757 OK inphic-m8p-wireless-mouse
  380/757 OK inphic-m9-wireless-mouse
  381/757 OK inphic-pg1-gaming-mouse
  382/757 OK inphic-pg9-gaming-mouse
  383/757 OK inphic-w1-gaming-mouse
  384/757 OK inphic-w1s-mouse
  385/757 OK inphic-w2-ii-gaming-mouse
  386/757 OK inphic-w9p-gaming-mouse
  387/757 OK inphic-x2-wireless-mouse
  388/757 OK inphic-x9-pro-wireless-mouse
  389/757 OK inphic-yc-xs-wireless-gaming-mouse
  390/757 OK jedel-cp72-wired-mouse
  391/757 OK jedel-m11-wireless-mouse
  392/757 OK jedel-w926-wireless-mouse
  393/757 OK jedel-w927-wireless-mouse
  394/757 OK jedel-wd131p-wireless-mouse
  395/757 OK jedel-wd139-wireless-gaming-mouse
  396/757 OK jedel-wd141-wireless-mouse
  397/757 OK keychron-m3-wireless-mouse
  398/757 OK keychron-m6-mouse
  399/757 OK lenovo-130-wireless-mouse
  400/757 OK lenovo-300-wired-usb-mouse
  401/757 OK lenovo-300-wireless-mouse
  402/757 OK lenovo-legion-m200-mouse
  403/757 OK lenovo-n100-mouse
  404/757 OK lenovo-thinkpad-bluetooth-silent-mouse
  405/757 OK lenovo-thinkpad-essential-wireless-mouse
  406/757 OK lingbao-m8-wireless-gaming-mouse
  407/757 OK logitech-b100-optical-usb-mouse-new
  408/757 OK logitech-b170-mouse
  409/757 OK logitech-b175-mouse
  410/757 OK logitech-ergo-series-lift-vertical-ergonomic-mouse
  411/757 OK logitech-g-pro-wireless-gaming-mouse
  412/757 OK logitech-g-pro-x2-superstrike-mouse
  413/757 OK logitech-g102-lightsync-gaming-mouse
  414/757 OK logitech-g304-hero-lightspeed-wireless-gaming-mouse
  415/757 OK logitech-g304-x-superlight-gaming-mouse
  416/757 OK logitech-g309-lightspeed-wireless-gaming-mouse
  417/757 OK logitech-g402-ultra-fast-fps-gaming-mouse
  418/757 OK logitech-g502-hero-gaming-mouse
  419/757 OK logitech-g502-lightspeed-gaming-mouse
  420/757 OK logitech-g502-lightspeed-wireless-gaming-mouse
  421/757 OK logitech-g502-x-lightspeed-wireless-gaming-mouse
  422/757 OK logitech-g502-x-plus-wireless-rgb-gaming-mouse
  423/757 OK logitech-g502-x-plus-wireless-rgb-gaming-mouse-white
  424/757 OK logitech-g502-x-usb-gaming-mouse
  425/757 OK logitech-g502-x-usb-gaming-mouse-white
  426/757 OK logitech-g903-lightspeed-wireless-gaming-mouse
  427/757 OK logitech-m190-wireless-mouse
  428/757 OK logitech-m196-bluetooth-mouse
  429/757 OK logitech-m220-wireless-mouse
  430/757 OK logitech-m221
  431/757 OK logitech-m240-silent-bluetooth-mouse
  432/757 OK logitech-m275-mouse
  433/757 OK logitech-m330-silent-plus-wireless-usb-mouse
  434/757 OK logitech-m331-silent-plus-wireless-mouse
  435/757 OK logitech-m350s-pebble-mouse-2-bluetooth-mouse
  436/757 OK logitech-m590-multi-device-silent-wireless-mouse
  437/757 OK logitech-m720-triathlon-bluetooth-mouse
  438/757 OK logitech-m90-usb-mouse
  439/757 OK logitech-mx-anywhere-3s-wireless-mouse
  440/757 OK logitech-mx-master-3-wireless-mouse
  441/757 OK logitech-mx-master-3s-lite-mouse
  442/757 OK logitech-mx-master-3s-wireless-mouse
  443/757 OK logitech-mx-master-4-mouse
  444/757 OK logitech-pro-2-lightspeed-wireless-gaming-mouse
  445/757 OK logitech-pro-x-superlight-2-dex-wireless-gaming-mouse
  446/757 OK logitech-pro-x-superlight-2-se-mouse
  447/757 OK logitech-pro-x-superlight-2c-mouse
  448/757 OK logitech-signature-m650-wireless-mouse
  449/757 OK mchose-a5-v3-gaming-mouse
  450/757 OK mchose-a7-v2-pro-gaming-mouse
  451/757 OK mchose-a7-v2-pro-plus-wireless-gaming-mouse
  452/757 OK mchose-a7-v2-ultra-gaming-mouse
  453/757 OK mchose-a7-v2-ultra-plus-wireless-gaming-mouse
  454/757 OK mchose-g3-gaming-mouse
  455/757 OK mchose-g3-ultra-wireless-gaming-mouse
  456/757 OK mchose-g3-v2-gaming-mouse
  457/757 OK mchose-g3-v2-pro-mouse
  458/757 OK mchose-g7-gaming-mouse
  459/757 OK mchose-g7-pro-wireless-gaming-mouse
  460/757 OK mchose-k7-ultra-wireless-gaming-mouse
  461/757 OK mchose-l7-ultra-gaming-mouse
  462/757 OK mchose-m7-mouse
  463/757 OK mchose-m7-pro-gaming-mouse
  464/757 OK mchose-m7-ultra-gaming-mouse
  465/757 OK meetion-btm002-wireless-mouse
  466/757 OK meetion-btm005-wireless-mouse
  467/757 OK meetion-btm008-wireless-mouse
  468/757 OK meetion-btm012-wireless-mouse
  469/757 OK meetion-btm032r-wireless-mouse
  470/757 OK meetion-minigo-bt-wireless-mouse
  471/757 OK meetion-mt-c011-gaming-mouse-and-mouse-pad-combo
  472/757 OK meetion-mt-g3330-gaming-mouse
  473/757 OK meetion-mt-g3360-poseidon-professional-gaming-mouse
  474/757 OK meetion-mt-gm015-gaming-mouse
  475/757 OK meetion-mt-gm22-dazzling-gaming-mouse
  476/757 OK meetion-mt-gm230-mouse
  477/757 OK meetion-mt-gm80-transformers-gaming-mouse
  478/757 OK meetion-mt-m360-usb-wired-mouse
  479/757 OK meetion-mt-m362-usb-optical-mouse
  480/757 OK meetion-mt-m371-usb-backlit-gaming-mouse
  481/757 OK meetion-mt-m390-wired-vertical-mouse
  482/757 OK meetion-mt-m915-backlit-gaming-mouse
  483/757 OK meetion-mt-m930-rgb-backlit-gaming-mouse
  484/757 OK meetion-mt-m985-mechanical-gaming-mouse
  485/757 OK meetion-mt-m990s-rgb-mechanical-gaming-mouse
  486/757 OK meetion-mt-r545-wireless-mouse
  487/757 OK meetion-mt-r547-wireless-mouse
  488/757 OK meetion-mt-r570-wireless-mouse
  489/757 OK meetion-mt-r571-wireless-mouse
  490/757 OK meetion-mt-r600-silent-wireless-mouse
  491/757 OK mi-portable-mouse
  492/757 OK mi-wireless-mouse
  493/757 OK micropack-bt-751c-rechargeable-wireless-mouse
  494/757 OK micropack-gm-07-ares-rgb-gaming-mouse
  495/757 OK micropack-m101-optical-usb-mouse
  496/757 OK micropack-m103-optical-usb-mouse
  497/757 OK micropack-ml-202w-wireless-silent-mouse
  498/757 OK micropack-mp-716w-wireless-mouse
  499/757 OK microsoft-surface-arc-bluetooth-mouse
  500/757 OK microsoft-surface-arc-mouse-light-gray
  501/757 OK microsoft-surface-arc-mouse-lilac
  502/757 OK mofii-gm905-wired-gaming-mouse
  503/757 OK mofii-gm913-wired-rgb-gaming-mouse
  504/757 OK mofii-gm921-wired-mouse
  505/757 OK mofii-go18-wireless-mouse
  506/757 OK mofii-m13s-wired-mouse
  507/757 OK mofii-m16tm-tri-mode-mouse
  508/757 OK mofii-m5-wired-mouse
  509/757 OK mofii-m5dm-wireless-mouse
  510/757 OK mofii-sm-356ag-wireless-mouse
  511/757 OK mofii-sm-612sag-mouse
  512/757 OK mofii-sm-615ag-wireless-mouse
  513/757 OK monka-g10-gaming-mouse
  514/757 OK msi-clutch-gm08-gaming-mouse
  515/757 OK msi-clutch-gm11-gaming-mouse
  516/757 OK msi-clutch-gm11-white-mouse
  517/757 OK msi-clutch-gm20-elite-mouse
  518/757 OK msi-clutch-gm30-mouse
  519/757 OK msi-clutch-gm51-lightweight-wireless-mouse
  520/757 OK msi-forge-gm100-mouse
  521/757 OK msi-forge-gm300-mouse
  522/757 OK msi-m99-wired-gaming-mouse
  523/757 OK msi-versa-300-elite-wireless-mouse
  524/757 OK nzxt-lift-lightweight-ambidextrous-mouse
  525/757 OK onikuma-cw902-gaming-mouse
  526/757 OK onikuma-cw905-gaming-mouse
  527/757 OK onikuma-cw905-wireless-mouse
  528/757 OK onikuma-cw917-gaming-mouse
  529/757 OK onikuma-cw917-rgb-gaming-mouse
  530/757 OK onikuma-cw923-gaming-mouse
  531/757 OK onikuma-cw925-gaming-mouse
  532/757 OK onikuma-cw928-gaming-mouse
  533/757 OK onikuma-cw929-gaming-mouse
  534/757 OK onikuma-cw930-wireless-gaming-mouse
  535/757 OK onikuma-cw935-wireless-gaming-mouse
  536/757 OK onikuma-dm01-mouse
  537/757 OK onikuma-dm02-wireless-gaming-mouse
  538/757 OK onikuma-dm03-wireless-gaming-mouse
  539/757 OK onikuma-dm05-wireless-mouse
  540/757 OK onikuma-dm06-tri-mode-wireless-mouse
  541/757 OK onikuma-dm07-wireless-mouse
  542/757 OK onten-ms331-wireless-mouse
  543/757 OK onten-ms332-wireless-mouse
  544/757 OK onten-ms662-mouse
  545/757 OK pc-power-obsidian-pgm-p7-bluetooth-mouse
  546/757 OK pc-power-pcgmg17-gaming-mouse
  547/757 OK pc-power-pcgmy01-mouse
  548/757 OK pc-power-pcm-101g-gaming-mouse
  549/757 OK pc-power-pcm-315-wired-mouse
  550/757 OK pc-power-pcm-316-wired-mouse
  551/757 OK pc-power-pcm-378-wired-mouse
  552/757 OK pc-power-pcm-936-wireless-mouse
  553/757 OK pc-power-pcm-966-wireless-mouse
  554/757 OK pc-power-pgm-p4-bluetooth-mouse
  555/757 OK pc-power-pgm105-gaming-mouse
  556/757 OK powercolor-alphyn-am10-gaming-mouse
  557/757 OK prolink-gm-2001-maca-wireless-mouse
  558/757 OK prolink-pmb8502-bluetooth-mouse
  559/757 OK prolink-pmc1005-mouse
  560/757 OK prolink-pmc2002-usb-optical-mouse
  561/757 OK prolink-pmg9006-natalus-illuminated-gaming-mouse
  562/757 OK prolink-pmo630u-usb-mouse
  563/757 OK prolink-pmw5008-wireless-optical-mouse
  564/757 OK prolink-pmw6005-wireless-optical-mouse
  565/757 OK prolink-pmw6009-wireless-optical-mouse
  566/757 OK rapoo-3100p
  567/757 OK rapoo-b20-silent-wireless-mouse
  568/757 OK rapoo-b30-wireless-mouse
  569/757 OK rapoo-m10-plus-wireless-mouse
  570/757 OK rapoo-m100-mouse
  571/757 OK rapoo-m160-wireless-mouse
  572/757 OK rapoo-m200-wireless-silent-mouse
  573/757 OK rapoo-m30-wireless-mouse
  574/757 OK rapoo-m300-silent-bluetooth-mouse
  575/757 OK rapoo-m306-wireless-mouse
  576/757 OK rapoo-m360-wireless-mouse
  577/757 OK rapoo-m500-silent-wireless-mouse
  578/757 OK rapoo-m590-mouse
  579/757 OK rapoo-m650-wireless-optical-mouse
  580/757 OK rapoo-m700-wireless-mouse
  581/757 OK rapoo-mt550-mouse
  582/757 OK rapoo-mt560-wireless-mouse
  583/757 OK rapoo-mt750s-mouse
  584/757 OK rapoo-mt760-mini-wireless-mouse
  585/757 OK rapoo-mt760-pro-mouse
  586/757 OK rapoo-mt760-rechargeable-multi-mode-wireless-mouse
  587/757 OK rapoo-mt760l-rechargeable-tri-mode-wireless-mouse
  588/757 OK rapoo-n100wired-optical-mouse
  589/757 OK rapoo-n200-wired-optical-mouse
  590/757 OK rapoo-v12-optical-mouse
  591/757 OK rapoo-v360-usb-rgb-backlit-gaming-mouse
  592/757 OK rapoo-vpro-vt9-air-lite-wireless-mouse
  593/757 OK rapoo-vpro-vt9pro-mini-wireless-mouse
  594/757 OK rapoo-vt1-pro-mouse
  595/757 OK rapoo-vt2-max-wireless-gaming-mouse
  596/757 OK rapoo-vt3pro-max-gaming-mouse
  597/757 OK rapoo-vt9-ultra-lightweight-gaming-mouse
  598/757 OK rapoo-vt960s-wireless-rgb-gaming-mouse
  599/757 OK rapoo-vt9pro-wireless-gaming-mouse
  600/757 OK rapoo-vt9s-ultra-lightweight-gaming-mouse
  601/757 OK razer-atheris-ultimate-wireless-ergonomic-mouse
  602/757 OK razer-basilisk-gaming-mouse
  603/757 OK razer-basilisk-v2-mouse
  604/757 OK razer-basilisk-v3-pro-rgb-gaming-mouse
  605/757 OK razer-basilisk-v3-rgb-gaming-mouse
  606/757 OK razer-basilisk-v3-x-hyperspeed-wireless-mouse
  607/757 OK razer-basilisk-x-hyperspeed-mouse
  608/757 OK razer-cobra-gaming-mouse
  609/757 OK razer-cobra-pro-wireless-mouse
  610/757 OK razer-deathadder-essential-gaming-mouse-white
  611/757 OK razer-deathadder-essential-goliathus-pikachu-limited-edition-mouse-mat-bundle
  612/757 OK razer-deathadder-essential-mouse
  613/757 OK razer-deathadder-v2-x-hyperspeed-ergonomic-gaming-mouse
  614/757 OK razer-mamba-elite-gaming-mouse
  615/757 OK razer-mouse-bungee-v2-mouse-stand
  616/757 OK razer-orochi-v2-gaming-mouse
  617/757 OK razer-orochi-v2-mobile-wireless-gaming-mouse
  618/757 OK razer-viper-8khz-ambidextrous-mouse
  619/757 OK razer-viper-gaming-mouse
  620/757 OK razer-viper-mini-rgb-gaming-mouse
  621/757 OK razer-viper-ultimate-mouse
  622/757 OK razer-viper-v2-pro-wireless-gaming-mouse
  623/757 OK razer-viper-v2-pro-wireless-gaming-mouse-white
  624/757 OK redragon-bm-2559-wireless-mouse
  625/757 OK redragon-bm-2638-wireless-mouse
  626/757 OK redragon-bm-4062-wired-mouse
  627/757 OK redragon-bm-4091-pro-mouse
  628/757 OK redragon-bm-4092-wireless-mouse
  629/757 OK redragon-bm-4125-wired-mouse
  630/757 OK redragon-emperor-m909-rgb-gaming-mouse
  631/757 OK redragon-m601-rgb-centrophorus-2-gaming-mouse
  632/757 OK redragon-m602-ks-griffin-gaming-mouse
  633/757 OK redragon-m606-nothosaur-buttons-gaming-mouse
  634/757 OK redragon-m607-griffin-gaming-mouse
  635/757 OK redragon-m611-cypher-gaming-mouse
  636/757 OK redragon-m612-predator-rgb-gaming-mouse
  637/757 OK redragon-m686-vampire-elite-wireless-gaming-mouse
  638/757 OK redragon-m694-hana-gaming-mouse
  639/757 OK redragon-m712-octopus-rgb-gaming-mouse
  640/757 OK redragon-m724-k1ng-gaming-mouse
  641/757 OK redragon-m806-bullseye-wired-gaming-mouse
  642/757 OK redragon-m806-pro-bullseye-wireless-mouse
  643/757 OK redragon-m808-storm-lightweight-rgb-gaming-mouse
  644/757 OK redragon-m809-k-memeanlion-rgb-gaming-mouse
  645/757 OK redragon-m811-aatrox-gaming-mouse
  646/757 OK redragon-m908-impact-mmo-gaming-mouse
  647/757 OK redragon-m913-impact-elite-wireless-gaming-mouse
  648/757 OK redragon-m914-gaming-mouse
  649/757 OK redragon-m915-swan-pro-gaming-mouse
  650/757 OK redragon-m916-k1ng-lite-wireless-mouse
  651/757 OK redragon-m916-pro-wireless-gaming-mouse
  652/757 OK redragon-m987-k-rgb-gaming-mouse
  653/757 OK redragon-m991-wireless-gaming-mouse
  654/757 OK redragon-nemeanlion-2-m602-1-rgb-gaming-mouse
  655/757 OK redragon-ranger-m910-ks-rgb-gaming-mouse
  656/757 OK redragon-ranger-m910-rgb-gaming-mouse
  657/757 OK redragon-storm-pro-m808-ks-gaming-mouse
  658/757 OK redragon-swain-m915-gaming-mouse
  659/757 OK redragon-trident-m616-gaming-mouse
  660/757 OK royal-kludge-m3-wireless-mouse
  661/757 OK royal-kludge-m30-wireless-mouse
  662/757 OK royal-kludge-mg5-wireless-gaming-mouse
  663/757 OK steelseries-aerox-3-2022-onyx-mouse
  664/757 OK steelseries-aerox-3-wireless-2022-onyx-mouse
  665/757 OK steelseries-aerox-5-gaming-mouse
  666/757 OK steelseries-prime-gaming-mouse
  667/757 OK steelseries-prime-plus-gaming-mouse
  668/757 OK steelseries-rival-3-rgb-gaming-mouse
  669/757 OK steelseries-rival-3-wireless-gen-2-gaming-mouse
  670/757 OK t-wolf-g520-gaming-mouse
  671/757 OK t-wolf-g550-wired-gaming-mouse
  672/757 OK t-wolf-g560-6-button-gaming-mouse
  673/757 OK t-wolf-g580-wired-mouse
  674/757 OK t-wolf-g590-rgb-wired-gaming-mouse
  675/757 OK t-wolf-q13-mouse
  676/757 OK t-wolf-q13b-gaming-mouse
  677/757 OK t-wolf-q2-wireless-mouse
  678/757 OK t-wolf-q3-wireless-mouse
  679/757 OK t-wolf-q4-wireless-mouse
  680/757 OK t-wolf-q7-wireless-mouse
  681/757 OK t-wolf-q8-wireless-mouse
  682/757 OK t-wolf-t75-wireless-mouse
  683/757 OK t-wolf-t87-wireless-mouse
  684/757 OK t-wolf-t90-wireless-mouse
  685/757 OK t-wolf-v1-rgb-gaming-mouse
  686/757 OK t-wolf-v12-wired-mouse
  687/757 OK t-wolf-v13-wired-mouse
  688/757 OK t-wolf-x2-wireless-mouse
  689/757 OK t-wolf-x4-tri-mode-wireless-gaming-mouse
  690/757 OK t-wolf-x5-tri-mode-wireless-gaming-mouse
  691/757 OK t-wolf-x7-tri-mode-wireless-gaming-mouse
  692/757 OK t-wolf-x8-wireless-gaming-mouse
  693/757 OK t-wolf-x9-tri-mode-lightweight-wireless-gaming-mouse
  694/757 OK thunderobot-m50t-mouse-and-mousepad-combo
  695/757 OK thunderobot-ml101-2-4g-wireless-office-mouse
  696/757 OK thunderobot-ml6-pro-wireless-gaming-mouse
  697/757 OK thunderobot-ml602-wireless-gaming-mouse
  698/757 OK thunderobot-ml903-nearlink-se-gaming-mouse
  699/757 OK thunderobot-ml903-tri-mode-wireless-gaming-mouse
  700/757 OK thunderobot-mlx-wireless-gaming-mouse
  701/757 OK verbatim-wireless-mouse-66432
  702/757 OK wiwu-wm101-c-wimice-lite-wireless-mouse
  703/757 OK wiwu-wm101-wimice-wireless-mouse
  704/757 OK wiwu-wm102-paul-frank-edition-wireless-mouse
  705/757 OK wiwu-wm102-wimice-lite-wireless-mouse
  706/757 OK wiwu-wm103-magic-mice-wireless-mouse
  707/757 OK wiwu-wm104-dual-mode-wireless-mouse
  708/757 OK wiwu-wm105-wireless-mouse
  709/757 OK wiwu-wm107-wimice-wireless-mouse
  710/757 OK wiwu-wm108-wireless-mouse
  711/757 OK xiaomi-mi-dual-mode-wireless-mouse-black
  712/757 OK xiaomi-wxsb01mw-wireless-mouse
  713/757 OK xiaomi-xmws001tm-fashion-wireless-mouse
  714/757 OK xigmatek-g1-gaming-mouse
  715/757 OK xo-m10-rgb-mouse
  716/757 OK xo-m13-tri-mode-silent-mouse
  717/757 OK xo-m7-wireless-silent-mouse
  718/757 OK xtreme-m288-wired-optical-mouse
  719/757 OK xtreme-m302-usb-wired-optical-mouse
  720/757 OK xtreme-m89gu-wired-mouse
  721/757 OK xtreme-xjogos-xg07-gaming-mouse
  722/757 OK xtreme-xjogos-xg08-gaming-mouse
  723/757 OK xtrike-me-gm-110-gaming-mouse
  724/757 OK xtrike-me-gm-124-wired-mouse
  725/757 OK xtrike-me-gm-203-optical-gaming-mouse
  726/757 OK xtrike-me-gm-206-backlit-optical-mouse
  727/757 OK xtrike-me-gm-215-programmable-gaming-mouse
  728/757 OK xtrike-me-gm-217-gaming-mouse
  729/757 OK xtrike-me-gm-222-optical-gaming-mouse
  730/757 OK xtrike-me-gm-226-gaming-mouse
  731/757 OK xtrike-me-gm-227-gaming-mouse
  732/757 OK xtrike-me-gm-310-rgb-gaming-mouse
  733/757 OK xtrike-me-gm-314-wired-rgb-gaming-mouse
  734/757 OK xtrike-me-gm-316-gaming-mouse
  735/757 OK xtrike-me-gm-316w-gaming-mouse
  736/757 OK xtrike-me-gm-322-mouse
  737/757 OK xtrike-me-gm-323-mouse
  738/757 OK xtrike-me-gm-327-programmable-gaming-mouse
  739/757 OK xtrike-me-gm-414-rgb-gaming-mouse
  740/757 OK xtrike-me-gm-415-rgb-gaming-mouse
  741/757 OK xtrike-me-gm-512-rgb-gaming-mouse
  742/757 OK xtrike-me-gm-515-programmable-gaming-mouse
  743/757 OK xtrike-me-gm-520-rgb-gaming-mouse
  744/757 OK xtrike-me-gmp-290-gaming-combo
  745/757 OK xtrike-me-gw-109-wireless-mouse
  746/757 OK xtrike-me-gw-113-wireless-mouse
  747/757 OK xtrike-me-gw-114-wireless-mouse
  748/757 OK xtrike-me-gw-115-wireless-mouse
  749/757 OK xtrike-me-gw-116-wireless-mouse
  750/757 OK xtrike-me-gw-223-bk-wireless-mouse
  751/757 OK xtrike-me-gw-224-wireless-mouse
  752/757 OK xtrike-me-gw-322-mouse
  753/757 OK xtrike-me-gw-325-gaming-mouse
  754/757 OK xtrike-me-gw-600-wireless-mouse
  755/757 OK xtrike-me-gw-610-wireless-gaming-mouse
  756/757 OK xtrike-me-gw-611-wireless-gaming-mouse
  757/757 OK xtrike-me-gw-613-mouse
COMPLETED accessories/mouse.json: 757 products, 0 unmatched
GROUP accessories/mouse-pad.json: 170 images
  1/170 OK a4tech-bloody-bp-45-mouse-pad
  2/170 OK ajazz-mp02-gaming-mousepad
  3/170 OK a4tech-bloody-bp-45w-nyx-mirage-mouse-pad
  4/170 OK ajazz-mp03-gaming-mousepad
  5/170 OK asus-cerberus-mouse-pad
  6/170 OK asus-nc03-rog-strix-edge-call-of-duty-edition-gaming-mouse-pad
  7/170 OK asus-nc07-rog-sheath-electro-punk-mouse-pad
  8/170 OK asus-nh01-rog-balteus-qi-charging-rgb-gaming-mouse-pad
  9/170 OK asus-rog-hone-ace-aim-lab-edition-gaming-mouse-pad
  10/170 OK asus-rog-hone-ace-xxl-gaming-mouse-pad
  11/170 OK asus-rog-nc02-scabbard-mouse-pad
  12/170 OK asus-rog-scabbard-ii-medium-mouse-pad
  13/170 OK asus-rog-scabbard-ii-mouse-pad
  14/170 OK asus-rog-sheath-blk-ltd-mouse-pad
  15/170 OK asus-rog-sheath-gaming-mouse-pad
  16/170 OK asus-rog-sheath-ii-mouse-pad
  17/170 OK asus-rog-strix-edge-gaming-mouse-pad
  18/170 OK asus-rog-whetston-mouse-pad
  19/170 OK aula-f-x5-rgb-backlight-gaming-mouse-pad
  20/170 OK aula-mp-w-mouse-pad
  21/170 OK aula-mp-wffm-gaming-mouse-pad
  22/170 OK aula-mp-xl-mouse-pad
  23/170 OK blisspads-bp01-thunderclap-gaming-mouse-pad
  24/170 OK blisspads-bp02-zenitsu-gaming-mouse-pad
  25/170 OK blisspads-bp03-print-stream-black-mouse-pad
  26/170 OK blisspads-bp04-print-stream-white-mouse-pad
  27/170 OK blisspads-bp05-topography-black-mouse-pad
  28/170 OK blisspads-bp06-topography-white-mouse-pad
  29/170 OK blisspads-bp07-jinxx-gaming-mouse-pad
  30/170 OK blisspads-bp08-air-drop-gaming-mouse-pad
  31/170 OK blisspads-bp09-retro-rdr-gaming-mouse-pad
  32/170 OK blisspads-bp10-valorant-mouse-pad
  33/170 OK blisspads-bp11-dragon-slayer-gaming-mouse-pad
  34/170 OK blisspads-bp12-atoms-explosion-gaming-mouse-pad
  35/170 OK blisspads-bp13-zen-gaming-mouse-pad
  36/170 OK blisspads-bp14-cosmic-surfer-gaming-mouse-pad
  37/170 OK blisspads-bp15-apocalypse-gaming-mouse-pad
  38/170 OK blisspads-bp16-ever-dawn-gaming-mouse-pad
  39/170 OK blisspads-bp17-gods-mountain-gaming-mouse-pad
  40/170 OK blisspads-bp18-ethereal-gaming-mouse-pad
  41/170 OK blisspads-bp19-wasteland-gaming-mouse-pad
  42/170 OK blisspads-bp20-ashenfall-gaming-mouse-pad
  43/170 OK corsair-mm300-pro-mouse-pad
  44/170 OK deepcool-gm800-gaming-mouse-pad
  45/170 OK deepcool-gm810-gaming-mouse-pad
  46/170 OK deepcool-gt930-cordura-gaming-mouse-pad
  47/170 OK elgato-green-screen-mouse-mat
  48/170 OK fantech-agile-mp353-mouse-pad
  49/170 OK fantech-agile-mp353-se-mousepad
  50/170 OK fantech-agile-mp453-mouse-pad
  51/170 OK fantech-agile-mp903-mouse-pad
  52/170 OK fantech-agile-mp903-space-edition-mouse-pad
  53/170 OK fantech-agile-mp904-mint-edition-mousepad
  54/170 OK fantech-ato-mp905-ge01-gaming-mouse-pad
  55/170 OK fantech-ato-mp905-mouse-pad
  56/170 OK fantech-ato-mp905-vibe-edition-gaming-mouse-pad
  57/170 OK fantech-mp256-gaming-mouse-pad
  58/170 OK fantech-mp35-sven-sakura-edition-mouse-pad
  59/170 OK fantech-mp356-gaming-mouse-pad
  60/170 OK fantech-mp456-gaming-mouse-pad
  61/170 OK fantech-mp64-basic-xl-mouse-pad
  62/170 OK fantech-mp806-gaming-mouse-pad
  63/170 OK fantech-mpr351-rgb-mousepad
  64/170 OK fantech-mpr351s-firefly-rgb-mouse-pad
  65/170 OK fantech-mpr800-firefly-rgb-mousepad
  66/170 OK fantech-mpr800s-sakura-edition-firefly-rgb-mouse-pad
  67/170 OK fantech-mpr800s-space-edition-firefly-rgb-mouse-pad
  68/170 OK fantech-strikepad-mst491-gaming-mouse-pad
  69/170 OK fantech-strikepad-mst901-mouse-pad
  70/170 OK fantech-strikepad-pro-mst491p-mouse-pad
  71/170 OK fantech-sven-mp25-mouse-pad
  72/170 OK fantech-sven-mp35-mouse-pad
  73/170 OK fantech-sven-mp44-gaming-mousepad
  74/170 OK fantech-sven-mp80-gaming-mouse-pad
  75/170 OK fantech-vigil-mp292-gaming-mouse-pad
  76/170 OK fantech-vigil-mp452-gaming-mouse-pad
  77/170 OK fantech-vigil-mp902-gaming-mouse-pad
  78/170 OK fantech-zero-g-mpc450-gaming-mouse-pad
  79/170 OK fantech-zero-g-mpc900-mousepad
  80/170 OK gigabyte-amp900-mouse-pad
  81/170 OK havit-h-kraken-stellarisforce-1-mouse-pad
  82/170 OK havit-hv-mp837-gaming-mouse-pad
  83/170 OK havit-hv-mp838-gaming-mouse-pad
  84/170 OK havit-hv-mp846-gaming-mouse-pad
  85/170 OK havit-hv-mp860-gaming-mouse-pad
  86/170 OK havit-hv-mp839-gaming-mouse-pad
  87/170 OK havit-hv-mp861-gaming-mousepad
  88/170 OK havit-hv-mp905-rgb-gaming-mouse-pad
  89/170 OK havit-mp804-mousepad
  90/170 OK havit-mp843-gaming-mouse-pad
  91/170 OK havit-mp848-gaming-mousepad
  92/170 OK havit-mp901-pro-gaming-mouse-pad
  93/170 OK havit-mp901-rgb-gaming-mouse-pad
  94/170 OK havit-mp903-rgb-gaming-mouse-pad
  95/170 OK inphic-pd100-mouse-pad
  96/170 OK inphic-pd50-mouse-pad
  97/170 OK inphic-pd60-mouse-pad
  98/170 OK inphic-pd900-mouse-pad
  99/170 OK meetion-mt-p010-mouse-pad
  100/170 OK meetion-mt-pd015-gaming-mouse-pad
  101/170 OK meetion-mt-pd120-rgb-gaming-mouse-pad
  102/170 OK meetion-mt-pd121-large-rgb-keyboard-and-mouse-pad
  103/170 OK msi-agility-gd21-dragon-tiamat-mouse-pad
  104/170 OK msi-agility-gd21-mouse-pad
  105/170 OK msi-agility-gd22-gleam-edition-mouse-pad
  106/170 OK msi-agility-gd60-rgb-mouse-pad
  107/170 OK msi-agility-gd72-gleam-edition-mouse-pad
  108/170 OK onikuma-mp002-gaming-mousepad
  109/170 OK onikuma-mp005-gaming-mousepad
  110/170 OK onikuma-mp006-gaming-mousepad
  111/170 OK orico-mpa3025-rubber-mouse-pad
  112/170 OK rapoo-v1000-mouse-pad
  113/170 OK rapoo-v1xl-large-mouse-pad
  114/170 OK rapoo-vpro-v10s-compact-mouse-pad
  115/170 OK rapoo-vpro-v1l-gaming-mouse-pad
  116/170 OK raypad-aqua-control-plus-xxl-mouse-pad-grey-black
  117/170 OK raze-gigantus-v2-large-gaming-mouse-mat
  118/170 OK raze-gigantus-v2-xxl-gaming-mouse-mat
  119/170 OK razer-gigantus-mouse
  120/170 OK razer-gigantus-v2-soft-gaming-mouse-mat
  121/170 OK razer-goliathus-mobile-stealth-edition-mouse-pad
  122/170 OK razer-goliathus-storm-trooper-mouse-mat
  123/170 OK razer-pro-glide-mouse-mat
  124/170 OK razer-pro-glide-xxl-soft-gaming-mouse-mat
  125/170 OK razer-strider-hybrid-gaming-mouse-mat
  126/170 OK redragon-aquarius-p015-mouse-pad
  127/170 OK redragon-capricorn-p012-gaming-mouse-pad
  128/170 OK redragon-kunlun-p006a-gaming-mouse-pad
  129/170 OK redragon-neptune-p027-rgb-gaming-mouse-pad
  130/170 OK redragon-p029-flick-s-mouse-pad
  131/170 OK redragon-p032-flick-xl-mouse-pad
  132/170 OK redragon-p033-neptune-x-rgb-gaming-mouse-pad
  133/170 OK redragon-p041-xeon-mouse-pad
  134/170 OK redragon-pisces-p016-gaming-mouse-mat
  135/170 OK redragon-suzaku-p003-gaming-mouse-pad
  136/170 OK redragon-taurus-p018-gaming-mouse-pad
  137/170 OK steelseries-qck-edge-gaming-mouse-pad
  138/170 OK steelseries-qck-edge-large-gaming-mouse-pad
  139/170 OK steelseries-qck-gaming-mouse-pad
  140/170 OK steelseries-qck-heavy-gaming-mouse-pad
  141/170 OK steelseries-qck-heavy-large-mouse-pad
  142/170 OK steelseries-qck-large-gaming-mouse-pad
  143/170 OK steelseries-qck-medium-gaming-mouse-pad
  144/170 OK steelseries-qck-prism-medium-gaming-mouse-pad
  145/170 OK steelseries-qck-prism-xl-gaming-mouse-pad
  146/170 OK steelseries-qck-xxl-gaming-mouse-pad
  147/170 OK thunderobot-m1se-470-mousepad
  148/170 OK thunderobot-m1se-900e-mousepad
  149/170 OK x-raypad-aqua-control-ii-sakura-blue-mouse-pads
  150/170 OK x-raypad-aqua-control-ii-sakura-green-mouse-pads
  151/170 OK x-raypad-aqua-control-ii-sakura-night-gaming-mouse-pad
  152/170 OK x-raypad-aqua-control-ii-sakura-pink-mouse-pads
  153/170 OK x-raypad-aqua-control-ii-xl-gaming-mouse-pad
  154/170 OK x-raypad-aqua-control-ii-xl-gaming-mouse-pad-white
  155/170 OK x-raypad-aqua-control-plus-xl-mouse-pad
  156/170 OK x-raypad-aqua-control-plus-xl-mouse-pad-grey-black
  157/170 OK x-raypad-aqua-control-plus-xxl-mouse-pad
  158/170 OK x-raypad-aqua-control-zero-black-gaming-mouse-pad
  159/170 OK x-raypad-aqua-control-zero-orange-gaming-mouse-pad
  160/170 OK x-raypad-rob-aqua-control-plus-xl-gaming-mouse-pad
  161/170 OK x-raypad-rob-aqua-control-plus-xxl-gaming-mouse-pad
  162/170 OK x-raypad-white-aqua-control-plus-xl-gaming-mouse-pad
  163/170 OK x-raypad-white-aqua-control-plus-xxl-gaming-mouse-pad
  164/170 OK xtrike-me-mp-002-mouse-pad
  165/170 OK xtrike-me-mp-005-mouse-pad
  166/170 OK xtrike-me-mp-007-mouse-pad
  167/170 OK xtrike-me-mp-204-mouse-pad
  168/170 OK xtrike-me-mp-206-large-mouse-pad
  169/170 OK xtrike-me-mp-605-mouse-pad
  170/170 OK xtrike-me-mp-606-mouse-pad
COMPLETED accessories/mouse-pad.json: 170 products, 0 unmatched
GROUP accessories/pen-drive.json: 206 images
  1/206 OK adata-uc310-128gb-usb-3-2-pen-drive
  2/206 OK adata-uc310-256gb-pen-drive
  3/206 OK adata-uc310-64gb-usb-3-2-pen-drive
  4/206 OK adata-uc310-eco-128gb-usb-3-2-pen-drive
  5/206 OK adata-uc310-eco-256gb-pen-drive
  6/206 OK adata-uc310-eco-64gb-usb-3-2-pen-drive
  7/206 OK adata-uc320-128gb-pen-drive
  8/206 OK adata-uc320-256gb-pen-drive
  9/206 OK adata-uc320-64gb-pen-drive
  10/206 OK adata-ur350-128gb-pen-drive
  11/206 OK adata-ur350-64gb-pen-drive
  12/206 OK adata-uv128-128gb-pendrive
  13/206 OK adata-uv128-256gb-pendrive
  14/206 OK adata-uv150-128gb-pen-drive
  15/206 OK adata-uv150-32gb-pendrive
  16/206 OK adata-uv150-64gb-pen-drive
  17/206 OK adata-uv360-128gb-pen-drive
  18/206 OK adata-uv360-32gb-flash-drive
  19/206 OK apacer-32gb-pendrive
  20/206 OK apacer-64gb-pendrive
  21/206 OK apacer-ah179-32gb-otg-flash-drive
  22/206 OK apacer-ah180-16gb-pendrive
  23/206 OK apacer-ah25a-16gb-flash-drive
  24/206 OK apacer-ah25a-32gb-pendrive
  25/206 OK apacer-ah25b-128gb-flash-drive
  26/206 OK apacer-ah25b-128gb-usb-3-2-pen-drive
  27/206 OK apacer-ah25b-16gb-pen-drive
  28/206 OK apacer-ah25b-256gb-usb-3-2-pen-drive
  29/206 OK apacer-ah25b-32gb-pendrive
  30/206 OK apacer-ah25b-64gb-flash-drive
  31/206 OK apacer-ah25c-128gb-pen-drive
  32/206 OK apacer-ah25c-256gb-pen-drive
  33/206 OK apacer-ah25c-32gb-flash-drive
  34/206 OK apacer-ah25c-64gb-pen-drive
  35/206 OK apacer-ah270-eco-64gb-pen-drive
  36/206 OK apacer-ah352-32gb-pendrive
  37/206 OK apacer-ah353-16gb-pendrive
  38/206 OK apacer-ah353-64gb-pendrive
  39/206 OK apacer-ah353-32gb-pendrive
  40/206 OK apacer-ah355-128gb-usb-flash-drive
  41/206 OK apacer-ah355-16gb-pendrive
  42/206 OK apacer-ah355-32gb-pendrive
  43/206 OK apacer-ah355-64gb-flash-drive
  44/206 OK apacer-ah356-32gb-flash-drive
  45/206 OK apacer-ah356-64gb-flash-drive
  46/206 OK apacer-ah357-16gb-pen-drive
  47/206 OK apacer-ah357-32gb-flash-drive
  48/206 OK apacer-ah357-64gb-flash-drive
  49/206 OK apacer-ah359-16gb-flash-drive
  50/206 OK apacer-ah359-32gb-pendrive
  51/206 OK apacer-ah35a-16gb-pendrive
  52/206 OK apacer-ah360-32gb-pendrive
  53/206 OK apacer-ah360-64gb-pendrive
  54/206 OK dahua-p629-128gb-pen-drive
  55/206 OK dahua-p629-256gb-pen-drive
  56/206 OK dahua-p629-64gb-pen-drive
  57/206 OK dahua-u106-128gb-pen-drive
  58/206 OK dahua-u106-64gb-pen-drive
  59/206 OK dahua-u156-128gb-pen-drive
  60/206 OK dahua-u156-64gb-pen-drive
  61/206 OK eaget-et-cf30-128gb-type-c-pen-drive
  62/206 OK eaget-et-cf30-64gb-type-c-pen-drive
  63/206 OK eaget-et-cu20-128gb-type-c-pen-drive
  64/206 OK eaget-et-cu20-64gb-type-c-pen-drive
  65/206 OK eaget-et-i66-128gb-pen-drive
  66/206 OK eaget-et-x1-32gb-usb-pen-drive
  67/206 OK hiksemi-blade-hs-usb-e301-128gb-pen-drive
  68/206 OK hiksemi-blade-hs-usb-e301-32gb-pen-drive
  69/206 OK hiksemi-cap-hs-usb-m220p-128gb-pen-drive
  70/206 OK hiksemi-cap-hs-usb-m220p-32gb-pen-drive
  71/206 OK hiksemi-blade-hs-usb-e301-64gb-pen-drive
  72/206 OK hiksemi-cap-hs-usb-m220p-64gb-pen-drive
  73/206 OK hiksemi-classic-128gb-pen-drive
  74/206 OK hiksemi-classic-32gb-pen-drive
  75/206 OK hiksemi-classic-64gb-pen-drive
  76/206 OK hiksemi-hs-usb-e307c-128gb-pen-drive
  77/206 OK hiksemi-hs-usb-e307c-256gb-pen-drive
  78/206 OK hiksemi-hs-usb-e307c-32gb-pen-drive
  79/206 OK hiksemi-hs-usb-e307c-64gb-pen-drive
  80/206 OK hiksemi-pully-hs-usb-m210s-128gb-pen-drive
  81/206 OK hiksemi-pully-hs-usb-m210s-32gb-pen-drive
  82/206 OK hiksemi-pully-hs-usb-m210s-64gb-pen-drive
  83/206 OK hiksemi-rotary-128gb-pen-drive
  84/206 OK hiksemi-rotary-32gb-pen-drive
  85/206 OK hiksemi-rotary-64gb-pen-drive
  86/206 OK hiksemi-sync-hs-usb-e327c-128gb-pen-drive
  87/206 OK hiksemi-sync-hs-usb-e327c-256gb-pen-drive
  88/206 OK hiksemi-sync-hs-usb-e327c-32gb-pen-drive
  89/206 OK hiksemi-sync-hs-usb-e327c-64gb-pen-drive
  90/206 OK kingston-data-traveler-kyson-128gb-pen-drive
  91/206 OK kingston-datatraveler-exodia-128gb-pen-drive
  92/206 OK kingston-datatraveler-duo-128gb-pen-drive
  93/206 OK kingston-datatraveler-exodia-256gb-pen-drive
  94/206 OK kingston-datatraveler-exodia-128gb-usb-3-2-pen-drive
  95/206 OK kingston-datatraveler-exodia-64gb-usb-3-2-pen-drive
  96/206 OK kingston-datatraveler-exodia-64gb-pen-drive
  97/206 OK kingston-datatraveler-exodia-s-64gb-pen-drive
  98/206 OK kingston-datatraveler-exodia-s-128gb-pen-drive
  99/206 OK kingston-datatraveler-kyson-256gb-pen-drive
  100/206 OK kingston-datatraveler-kyson-64gb-pen-drive
  101/206 OK lexar-jumpdrive-dual-drive-d400-128gb-pen-drive
  102/206 OK lexar-jumpdrive-d35c-64gb-type-c-pen-drive
  103/206 OK lexar-jumpdrive-dual-drive-d400-256gb-type-c-pen-drive
  104/206 OK lexar-jumpdrive-dual-drive-d400-64gb-type-c-pen-drive
  105/206 OK lexar-jumpdrive-dual-drive-d500-128gb-usb-32-pen-drive
  106/206 OK lexar-jumpdrive-dual-drive-d500-256gb-pen-drive
  107/206 OK lexar-jumpdrive-fingerprint-f35-pro-128gb-flash-drive
  108/206 OK lexar-jumpdrive-fingerprint-f35-pro-256gb-flash-drive
  109/206 OK lexar-jumpdrive-m400-128gb-pen-drive
  110/206 OK lexar-jumpdrive-m400-64gb-pen-drive
  111/206 OK lexar-jumpdrive-s80-128gb-flash-drive
  112/206 OK lexar-jumpdrive-v100-128gb-flash-drive
  113/206 OK lexar-jumpdrive-s80-64gb-flash-drive
  114/206 OK lexar-jumpdrive-v100-64gb-flash-drive
  115/206 OK lexar-jumpdrive-v400-128gb-pen-drive
  116/206 OK lexar-jumpdrive-v400-64gb-pen-drive
  117/206 OK netac-u782c-128gb-flash-drive
  118/206 OK oscoo-cu002-128gb-pen-drive
  119/206 OK netac-u785c-64gb-type-c-flash-drive
  120/206 OK oscoo-k006-128gb-pen-drive
  121/206 OK oscoo-cu002-64gb-pen-drive
  122/206 OK oscoo-k006-64gb-pen-drive
  123/206 OK pny-duo-link-128gb-type-c-dual-flash-drive
  124/206 OK pny-duo-link-256gb-type-c-dual-flash-drive
  125/206 OK pny-duo-link-64gb-type-c-dual-flash-drive
  126/206 OK pny-elite-turbo-attache-4-128gb-flash-drive
  127/206 OK pny-elite-turbo-attache-4-256gb-flash-drive
  128/206 OK pny-elite-turbo-attache-4-64gb-flash-drive
  129/206 OK pny-elite-x-128gb-pen-drive
  130/206 OK pny-elite-x-256gb-pen-drive
  131/206 OK pny-turbo-attache-r-128gb-flash-drive
  132/206 OK pny-turbo-attache-r-256gb-flash-drive
  133/206 OK pny-turbo-attache-r-64gb-flash-drive
  134/206 OK san-disk-ultra-flair128gb-pendrive
  135/206 OK sandisk-128gb-ultra-flair-pen-drive
  136/206 OK sandisk-128gb-ultra-luxe-pen-drive
  137/206 OK sandisk-128gb-usb-type-c-pen-drive
  138/206 OK sandisk-32gb-ixpand-flip-pen-drive
  139/206 OK sandisk-256gb-cruzer-glide-pen-drive
  140/206 OK sandisk-32gb-ultra-luxe-pen-drive
  141/206 OK sandisk-512gb-ultra-fit-pen-drive
  142/206 OK sandisk-64gb-ixpand-flip-pen-drive
  143/206 OK sandisk-64gb-ultra-flair-pen-drive
  144/206 OK sandisk-64gb-ultra-luxe-pen-drive
  145/206 OK sandisk-64gb-ultra-shift-pen-drive
  146/206 OK sandisk-cruzer-glide-128gb-flash-drive
  147/206 OK sandisk-cruzer-glide-32gb-flash-drive
  148/206 OK sandisk-cruzer-glide-cz600-256gb-pen-drive
  149/206 OK sandisk-cruzer-glide-cz600-64gb-pen-drive
  150/206 OK sandisk-ixpand-flip-128gb-pen-drive
  151/206 OK sandisk-ixpand-flip-256gb-pen-drive
  152/206 OK sandisk-ultra-128gb-usb-type-c-flash-drive
  153/206 OK sandisk-ultra-64gb-usb-type-c-pen-drive
  154/206 OK sandisk-ultra-curve-128gb-pen-drive
  155/206 OK sandisk-ultra-curve-32gb-pen-drive
  156/206 OK sandisk-ultra-curve-64gb-pen-drive
  157/206 OK sandisk-ultra-dual-drive-go-128gb-usb-type-c-pen-drive
  158/206 OK sandisk-ultra-dual-drive-go-1tb-usb-type-c-pen-drive
  159/206 OK sandisk-ultra-dual-drive-go-256gb-pen-drive
  160/206 OK sandisk-ultra-dual-drive-go-32gb-usb-type-c-pen-drive
  161/206 OK sandisk-ultra-dual-drive-go-512gb-type-c-pen-drive
  162/206 OK sandisk-ultra-dual-drive-go-64gb-usb-type-c-pen-drive
  163/206 OK sandisk-ultra-dual-drive-go-usb-type-c-128gb-pen-drive
  164/206 OK sandisk-ultra-dual-drive-luxe-128gb-type-c-pen-drive
  165/206 OK sandisk-ultra-dual-drive-luxe-256gb-type-c-pen-drive
  166/206 OK sandisk-ultra-dual-drive-luxe-32gb-type-c-pen-drive
  167/206 OK sandisk-ultra-dual-drive-luxe-512gb-pen-drive
  168/206 OK sandisk-ultra-dual-drive-luxe-64gb-type-c-pen-drive
  169/206 OK sandisk-ultra-fit-128gb-flash-drive
  170/206 OK sandisk-ultra-flair-16gb-pendrive
  171/206 OK sandisk-ultra-flair-256gb-pendrive
  172/206 OK sandisk-ultra-luxe-256gb-pen-drive
  173/206 OK sandisk-ultra-luxe-512gb-pen-drive
  174/206 OK sandisk-ultra-luxe-512gb-usb-3-2-pen-drive
  175/206 OK sandisk-ultra-shift-128gb-pen-drive
  176/206 MISS sandisk-ultra-shift-64gb-pen-drive
  177/206 MISS smart-lock-head-128gb-usb-pen-drive
  178/206 MISS smart-lock-head-32gb-pen-drive
  179/206 MISS smart-lock-head-64gb-usb-pen-drive
  180/206 MISS smart-rapid-lex-128gb-pen-drive
  181/206 MISS smart-superfast-sm8-128gb-4-in-1-usb-pen-drive
  182/206 MISS smart-superfast-sm8-64gb-4-in-1-usb-pen-drive
  183/206 MISS smart-x4-premier-sm12-128gb-pen-drive
  184/206 MISS smart-x4-premier-sm12-32gb-pen-drive
  185/206 MISS smart-x4-premier-sm12-64gb-pen-drive
  186/206 MISS team-c222-32gb-usb-pen-drive
  187/206 MISS transcend-jetflash-700-128gb-pen-drive
  188/206 MISS transcend-jetflash-700-256gb-pen-drive
  189/206 MISS transcend-jetflash-700-512gb-pen-drive
  190/206 MISS transcend-jetflash-700-64gb-pen-drive
  191/206 MISS transcend-jetflash-790c-128gb-type-c-pen-drive
  192/206 MISS transcend-jetflash-790c-256gb-type-c-pen-drive
  193/206 MISS transcend-jetflash-790c-64gb-type-c-pen-drive
  194/206 MISS transcend-jetflash-790k-128gb-pen-drive
  195/206 MISS transcend-jetflash-790k-256gb-pen-drive
  196/206 MISS transcend-jetflash-790k-512gb-pen-drive
  197/206 MISS transcend-jetflash-790k-64gb-pen-drive
  198/206 MISS transcend-jetflash-850-32gb-type-c-pen-drive
  199/206 MISS transcend-ts64gjk790k-64gb-pedrive
  200/206 MISS twinmos-m16-128gb-pen-drive
  201/206 MISS twinmos-m16-32gb-pen-drive
  202/206 MISS twinmos-m16-64gb-pen-drive
  203/206 MISS twinmos-m3-128gb-pen-drive
  204/206 MISS twinmos-x3-ultra-128gb-pen-drive
  205/206 MISS twinmos-x3-ultra-32gb-pen-drive
  206/206 MISS twinmos-x3-ultra-64gb-pen-drive
COMPLETED accessories/pen-drive.json: 175 products, 31 unmatched
GROUP accessories/power-strip.json: 61 images
  1/61 MISS anker-615-usb-power-strip
  2/61 MISS anker-powerextend-3-plug-usb-type-c-power-strip
  3/61 MISS aptech-a053-power-strip
  4/61 MISS aptech-a1004ms-power-strip
  5/61 MISS aptech-a1005-power-strip
  6/61 MISS aptech-a1005ms-5-meter-power-strip
  7/61 MISS aptech-a1005ms-power-strip
  8/61 MISS aptech-a158-power-strip
  9/61 MISS aptech-a252-5-meter-power-strip
  10/61 MISS aptech-a252-power-strip
  11/61 MISS aptech-a455-power-strip
  12/61 MISS aptech-a605-5-port-power-strip
  13/61 MISS baseus-powercombo-lite-6-ports-power-strip
  14/61 MISS belkin-4-socket-power-strip
  15/61 MISS belkin-6-socket-power-strip
  16/61 MISS belkin-8-socket-power-strip
  17/61 MISS belkin-power-stripe-3-port-economy-series
  18/61 MISS deli-ct411-power-strip
  19/61 MISS deli-ct703-power-strip
  20/61 MISS deli-ct703es-power-strip
  21/61 MISS deli-ct704-power-strip
  22/61 MISS deli-ct705-power-strip
  23/61 MISS deli-ct705es-power-strip
  24/61 MISS deli-ct711-power-strip
  25/61 MISS deli-et403-2-pin-4-port-3-meter-power-strip
  26/61 MISS deli-et404-2-pin-4-port-5-meter-power-strip
  27/61 MISS deli-et405-2-pin-6-port-3-meter-power-strip
  28/61 MISS deli-et410-2-pin-3-port-2-meter-power-strip
  29/61 MISS deli-et411-2-pin-4-port-2-meter-power-strip
  30/61 MISS deli-et762-power-strip
  31/61 MISS deli-et763-power-strip
  32/61 MISS havit-hv-sp8813-3ac-slot-usb-switch-power-strip
  33/61 MISS hoco-ac11a-voyage-6-ports-power-strip
  34/61 MISS hoco-ac12a-reise-multifunctional-power-strip
  35/61 MISS hoco-ac13a-talento-9-ports-power-strip
  36/61 MISS hoco-ac7a-storm-7-ports-power-strip
  37/61 MISS hoco-ac8a-storm-7-ports-power-strip
  38/61 MISS huntkey-dmc502-5-port-power-strip
  39/61 MISS huntkey-szm401-4-port-socket-power-strip
  40/61 MISS huntkey-szm604-6ports-powerstrip
  41/61 MISS huntkey-szm804-power-strip
  42/61 MISS huntkey-szn501-5-port-power-strip
  43/61 MISS huntkey-szn507-power-strip
  44/61 MISS huntkey-szn601-6-port-power-strip
  45/61 MISS ldnio-sc5614-11-port-power-strip
  46/61 MISS ldnio-sk2492-6-port-power-strip
  47/61 MISS maxline-ml-254-3m-plug-4-gang-multi-extension-socket
  48/61 MISS maxline-ml-254-5m-plug-4-gang-multi-extension-socket
  49/61 MISS maxline-ml-255-5m-5-gang-multi-extension-socket
  50/61 MISS maxline-ml-358-3m-multiplug-power-strip
  51/61 MISS maxline-ml-604-multiplug-power-strip
  52/61 MISS maxline-ml-704-multiplug-power-strip
  53/61 MISS maxline-ml-804-multiplug-power-strip
  54/61 MISS maxline-ml-825-5m-10-port-multi-extension-socket
  55/61 MISS maxline-ml-q455-extension-multiplug-4-port-with-10m
  56/61 MISS maxline-ml-q455-extension-multiplug-4-port-with-2m
  57/61 MISS maxline-ml-q455-extension-multiplug-4-port-with-5m
  58/61 MISS nano-mbs-405-5-port-power-strip-white-2-pin
  59/61 MISS nano-mbs-405-power-strip
  60/61 MISS nano-nps-709-6-port-power-strip
  61/61 MISS orico-hpc-4a5u-v1-eu-smart-power-strip
COMPLETED accessories/power-strip.json: 0 products, 61 unmatched
GROUP accessories/presenter.json: 21 images
  1/21 MISS a4tech-lp15-wireless-laser-presenter
  2/21 MISS baseus-orange-dot-green-laser-wireless-presenter
  3/21 MISS baseus-orange-dot-red-laser-wireless-presenter
  4/21 MISS inphic-pl1-laser-wireless-presenter
  5/21 MISS logitech-910-spotlight-presenter
  6/21 MISS logitech-spotlight-2-advanced-wireless-presenter
  7/21 MISS micropack-wpm-03-multimedia-presenter
  8/21 MISS micropack-wpm-06-presenter
  9/21 MISS micropack-wpm-09g-wireless-presenter
  10/21 MISS prolink-pwp102g-wireless-presenter-with-air-mouse
  11/21 MISS prolink-pwp106g-wireless-presenter-with-green-laser
  12/21 MISS rapoo-xr100-wireless-laser-presenter
  13/21 MISS rapoo-xr200-wireless-laser-presenter
  14/21 MISS rapoo-xr310-spotlight-presenter
  15/21 MISS targus-amp09-presenter
  16/21 MISS targus-amp16ap-53-wireless-presenter
  17/21 MISS targus-amp17ap-wireless-presenter
  18/21 MISS targus-p30-presenter
  19/21 MISS targus-wireless-usb-presenter
  20/21 MISS ugreen-lp479-wireless-presenter
  21/21 MISS xo-cf27-ppt-rechargeable-flip-pen
COMPLETED accessories/presenter.json: 0 products, 21 unmatched
GROUP accessories/sound-card.json: 2 images
  1/2 MISS orico-sc2-usb-external-sound-card
  2/2 MISS orico-skt3-usb-external-sound-card
COMPLETED accessories/sound-card.json: 0 products, 2 unmatched
GROUP accessories/soundbar.json: 36 images
  1/36 MISS baseus-aequr-ds10-mini-soundbar-cluster
  2/36 MISS bose-tv-speaker-bluetooth-soundbar
  3/36 MISS bose-smart-soundbar-700-bluetooth-soundbar
  4/36 MISS digital-x-x-s6-bluetooth-single-sound-bar
  5/36 MISS digitalx-x-s8-tv-soundbar
  6/36 MISS digitalx-xs1-bluetooth-single-soundbar
  7/36 MISS f-and-d-ht-230-soundbar-bluetooth-speaker
  8/36 MISS fantech-bs156-soundbar-speaker
  9/36 MISS fantech-resonance-bs150-bluetooth-speaker
  10/36 MISS havit-sf149bt-portable-bluetooth-speaker
  11/36 MISS havit-sk215-bluetooth-soundbar
  12/36 MISS havit-sk218-rgb-gaming-soundbar
  13/36 MISS havit-sk220-rgb-dual-mode-gaming-soundbar
  14/36 MISS havit-sk221-rgb-dual-mode-gaming-soundbar
  15/36 MISS havit-sk714-speaker
  16/36 MISS havit-sk750bt-bluetooth-speaker
  17/36 MISS havit-sk854bt-bluetooth-speaker
  18/36 MISS jbl-bar-pro-300-5-0-channel-wireless-soundbar
  19/36 MISS jbl-bar-studio-2-0-channel-soundbar
  20/36 MISS jbl-cinema-sb120-soundbar-with-built-in-subwoofer
  21/36 MISS microlab-ms210-portable-bluetooth-soundbar
  22/36 MISS microlab-ms212-bluetooth-soundbar
  23/36 MISS microlab-onebar04-stereo-bluetooth-soundbar
  24/36 MISS redragon-gs560-adiemus-gaming-soundbar
  25/36 MISS redragon-gs570-darknets-stereo-soundbar
  26/36 MISS t-wolf-s4-rgb-wired-desktop-soundbar
  27/36 MISS thonet-and-vander-balken-bluetooth-soundbar
  28/36 MISS thonet-and-vander-gut-bluetooth-soundbar
  29/36 MISS wiwu-s1-bluetooth-soundbar
  30/36 MISS xiaomi-mdz-27-da-tv-bluetooth-speaker
  31/36 MISS xiaomi-redmi-mdz-34-da-tv-soundbar-speaker
  32/36 MISS xiaomi-sns5mb-20-soundbar
  33/36 MISS xtrike-me-sk-406-gaming-speaker
  34/36 MISS xtrike-me-sk-600-stereo-speaker
  35/36 MISS xtrike-me-sk-604-soundbar
  36/36 MISS xtrike-me-sp-211bt-bluetooth-sound-bar
COMPLETED accessories/soundbar.json: 0 products, 36 unmatched
GROUP accessories/speaker-home-theater.json: 392 images
  1/392 MISS a110
  2/392 MISS aula-n-108-usb-rgb-gaming-speaker
  3/392 MISS aula-n-169b-bluetooth-speaker
  4/392 MISS aula-n-189-gaming-speaker
  5/392 MISS aula-n-600-rgb-speaker
  6/392 MISS aula-n-69-usb-rgb-gaming-speaker
  7/392 MISS awei-ka1-bluetooth-speaker
  8/392 MISS awei-ka10-bluetooth-speaker
  9/392 MISS awei-ka12-bluetooth-speaker
  10/392 MISS awei-ka15-bluetooth-speaker
  11/392 MISS awei-ka16-bluetooth-speaker
  12/392 MISS awei-ka18-70w-bluetooth-speaker
  13/392 MISS awei-ka19-bluetooth-speaker
  14/392 MISS awei-ka22-bluetooth-speaker
  15/392 MISS awei-ka29-bluetooth-speaker
  16/392 MISS awei-ka32-bluetooth-speaker
  17/392 MISS awei-ka33-bluetooth-speaker
  18/392 MISS awei-ka39-100w-bluetooth-speaker
  19/392 MISS awei-ka5-bluetooth-speaker
  20/392 MISS awei-ka53-mini-speaker
  21/392 MISS awei-ka6-mini-bluetooth-speaker
  22/392 MISS awei-ka8-bluetooth-speaker
  23/392 MISS awei-ka86-portable-bluetooth-speaker
  24/392 MISS awei-kt22-soundbar
  25/392 MISS awei-kt28-bluetooth-speaker
  26/392 MISS awei-kt33-bluetooth-trolley-speaker
  27/392 MISS awei-kt8-karaoke-wireless-speaker
  28/392 MISS awei-y1000-bluetooth-speaker
  29/392 MISS awei-y280-bluetooth-speaker
  30/392 MISS awei-y310-tws-wireless-bluetooth-speaker
  31/392 MISS awei-y331-bluetooth-speaker
  32/392 MISS awei-y333-bluetooth-speaker
  33/392 MISS awei-y370-portable-bluetooth-speaker
  34/392 MISS awei-y379-bluetooth-speaker
  35/392 MISS awei-y382-bluetooth-speaker
  36/392 MISS awei-y385-bluetooth-speaker
  37/392 MISS awei-y386-bluetooth-speaker
  38/392 MISS awei-y520-home-theater-soundbar-speaker
  39/392 MISS awei-y526-portable-wireless-speaker
  40/392 MISS awei-y528-bluetooth-speaker
  41/392 MISS awei-y668-bluetooth-speaker
  42/392 MISS awei-y669-lite-portable-speaker
  43/392 MISS awei-y669-speaker
  44/392 MISS awei-y680-bluetooth-speaker
  45/392 MISS awei-y788-portable-bluetooth-speaker
  46/392 MISS awei-y886-bluetooth-speaker
  47/392 MISS awei-y887-bluetooth-speaker
  48/392 MISS awei-y887-pro
  49/392 MISS awei-yy200-wireless-speaker
  50/392 MISS bose-bass-module-700-wireless-subwoofer
  51/392 MISS bose-l1-pro16-portable-line-array-system
  52/392 MISS bose-l1-pro32-portable-line-array-system
  53/392 MISS bose-lifestyle-600-home-entertainment-system
  54/392 MISS bose-lifestyle-650-home-entertainment-system
  55/392 MISS bose-lifestyle-ultra-subwoofer
  56/392 MISS bose-s1-pro-plus-portable-bluetooth-speaker
  57/392 MISS edifier-a3-8i-portable-trolley-speaker
  58/392 MISS edifier-e255-speaker
  59/392 MISS edifier-g2000bt-bluetooth-speaker
  60/392 MISS edifier-m206bt-multimedia-bluetooth-speaker
  61/392 MISS edifier-m601db-bluetooth-multimedia-speaker
  62/392 MISS edifier-mp85-bluetooth-speaker
  63/392 MISS edifier-mr3-studio-monitor-speaker
  64/392 MISS edifier-mr4-active-near-field-studio-monitor-speaker
  65/392 MISS edifier-mr5-studio-monitor-speaker
  66/392 MISS edifier-pk305-bluetooth-speaker
  67/392 MISS edifier-r1280dbs-speaker
  68/392 MISS edifier-r12u-speaker
  69/392 MISS edifier-r1700bts-speaker
  70/392 MISS edifier-r1850db-bluetooth-speaker
  71/392 MISS edifier-r2000db-versatile-bluetooth-speaker-black
  72/392 MISS edifier-s1000mkii-bluetooth-speaker
  73/392 MISS edifier-s2000mkiii-bluetooth-speaker
  74/392 MISS edifier-s730d-home-theater
  75/392 MISS edifier-t5-powered-active-subwoofer
  76/392 MISS edifier-t5s-powered-subwoofer
  77/392 MISS f-and-d-a111x-speaker
  78/392 MISS f-and-d-a140x-speaker
  79/392 MISS f-and-d-a180x-speaker
  80/392 MISS f-and-d-f190x-bluetooth-speaker
  81/392 MISS f-and-d-f203bt-bluetooth-speaker
  82/392 MISS f-and-d-f210x
  83/392 MISS f-and-d-f3800x-bluetooth-home-theater-speaker
  84/392 MISS f-and-d-f5900x-speaker
  85/392 MISS f-and-d-f590x-multimedia-speaker
  86/392 MISS f-and-d-f6000x-5-1-bluetooth-home-theater
  87/392 MISS f-and-d-f670x-multimedia-speaker
  88/392 MISS f-and-d-f7700x-4-1-multimedia-speaker
  89/392 MISS f-and-d-f770x-bluetooth-speaker
  90/392 MISS f-and-d-ht-330-soundbar-bluetooth-speaker
  91/392 MISS f-and-d-ht-350-bluetooth-speaker
  92/392 MISS f-and-d-ht-360-bluetooth-speaker
  93/392 MISS f-and-d-ht-388d-bluetooth-speaker
  94/392 MISS f-and-d-ht-500da-wireless-speaker
  95/392 MISS f-and-d-pa-300-bluetooth-party-speaker-with-mic
  96/392 MISS f-and-d-pa100-bluetooth-party-speaker
  97/392 MISS f-and-d-pa200-bluetooth-party-speaker
  98/392 MISS f-and-d-pa924-bluetooth-party-speaker-with-mic
  99/392 MISS f-and-d-pa926-bluetooth-party-speaker-with-mic
  100/392 MISS f-and-d-r27bt-bluetooth-speaker
  101/392 MISS f-and-d-r60bt-bluetooth-bookshelf-speaker
  102/392 MISS f-and-d-t-200x-bluetooth-soundbar
  103/392 MISS f-and-d-t-300x-bluetooth-tv-soundbar
  104/392 MISS f-and-d-t-388-soundbar-bluetooth-speaker
  105/392 MISS f-and-d-t-400x-bluetooth-speaker
  106/392 MISS f-and-d-t-60x-pro-bluetooth-tower-speaker
  107/392 MISS f-and-d-t-68x-tower-speaker
  108/392 MISS f-and-d-t-70x-bluetooth-tower-speaker
  109/392 MISS f-and-d-t2-trolley-portable-wireless-speaker
  110/392 MISS f-and-d-t35x-bluetooth-tower-speaker
  111/392 MISS f-and-d-t60x-tower-bluetooth-speaker
  112/392 MISS f-and-d-t88x-wired-bluetooth-tower-speaker
  113/392 MISS f-and-d-v620-plus-speaker
  114/392 MISS fandd-ht-200-bluetooth-soundbar
  115/392 MISS fantech-beat-gs203-space-edition-speaker
  116/392 MISS fantech-bs151-groove-bar-speaker
  117/392 MISS fantech-bs160-groove-bar-speaker
  118/392 MISS fantech-bs162-groove-bar-pro-speaker
  119/392 MISS fantech-bs163-groove-bar-pro-speaker
  120/392 MISS fantech-gs201-hellscream-speaker
  121/392 MISS fantech-gs204-rumble-rgb-gaming-speaker
  122/392 MISS fantech-gs301-trifecta-rgb-gaming-speaker
  123/392 MISS fantech-gs302-alegro-rgb-bluetooth-gaming-speaker
  124/392 MISS fantech-gs303-groove-bar-speaker
  125/392 MISS fantech-gs304-groove-speaker
  126/392 MISS fantech-gs305-gaming-speaker
  127/392 MISS fantech-gs733-gaming-speaker
  128/392 MISS fantech-hellscream-gs205-rgb-gaming-speaker
  129/392 MISS fantech-neraparty-np03-portable-bluetooth-speaker
  130/392 MISS fantech-sonar-gs202-gaming-speaker
  131/392 MISS fantech-sonar-gs202-sakura-edition-gaming-speaker
  132/392 MISS havit-gamenote-sk213-rgb-speaker
  133/392 MISS havit-hv-sk467-speaker
  134/392 MISS havit-hv-sk473-speaker
  135/392 MISS havit-hv-sk486-speaker
  136/392 MISS havit-m19-usb-gaming-desktop-speaker
  137/392 MISS havit-sf112bt-bluetooth-speaker
  138/392 MISS havit-sf140bt-bluetooth-speaker
  139/392 MISS havit-sf156-multi-function-speaker
  140/392 MISS havit-sk201-rgb-gaming-speaker
  141/392 MISS havit-sk202-rgb-gaming-speaker
  142/392 MISS havit-sk204-rgb-gaming-speaker
  143/392 MISS havit-sk205-rgb-gaming-speaker
  144/392 MISS havit-sk207-rgb-gaming-speaker
  145/392 MISS havit-sk210-mini-pro-gaming-speaker
  146/392 MISS havit-sk216-gaming-speaker
  147/392 MISS havit-sk490-usb-ac-power-speaker
  148/392 MISS havit-sk518-usb-speaker
  149/392 MISS havit-sk563-rgb-gaming-speaker
  150/392 MISS havit-sk590-ac-power-multi-function-speaker
  151/392 MISS havit-sk599-speaker
  152/392 MISS havit-sk704-usb-speaker
  153/392 MISS havit-sk706-stereo-usb-speaker
  154/392 MISS havit-sk707-usb-gaming-speaker
  155/392 MISS havit-sk708-rgb-usb-gaming-speaker
  156/392 MISS havit-sk709-speaker
  157/392 MISS havit-sk715-usb-stereo-speaker
  158/392 MISS havit-sk717-usb-stereo-speaker
  159/392 MISS havit-sk755bt-bluetooth-speaker
  160/392 MISS havit-sk763-rgb-gaming-usb-speaker
  161/392 MISS havit-sk764-usb-speaker
  162/392 MISS havit-sk767-rgb-usb-speaker
  163/392 MISS havit-sk768-usb-speaker
  164/392 MISS havit-sk769bt-rgb-light-bluetooth-speaker
  165/392 MISS havit-sk862bt-bluetooth-portable-speaker
  166/392 MISS havit-sk905bt-classic-bluetooth-speaker
  167/392 MISS jbl-bar-1000-7-1-4-channel-soundbar
  168/392 MISS jbl-bar-1000mk2-soundbar
  169/392 MISS jbl-bar-1300-11-1-4-channel-soundbar
  170/392 MISS jbl-bar-1300mk2-soundbar
  171/392 MISS jbl-bar-2-1-deep-bass-mk2-channel-soundbar
  172/392 MISS jbl-bar-2-1-deep-bass-soundbar
  173/392 MISS jbl-bar-500-5-1-soundbar
  174/392 MISS jbl-bar-500mk2-soundbar
  175/392 MISS jbl-bar-800-5-1-2-channel-soundbar
  176/392 MISS jbl-bar-800mk2-soundbar
  177/392 MISS jbl-boombox-2-speaker
  178/392 MISS jbl-boombox-3-portable-speaker
  179/392 MISS jbl-boombox-4-portable-speaker
  180/392 MISS jbl-charge-5-portable-speaker
  181/392 MISS jbl-charge-6-portable-bluetooth-speaker
  182/392 MISS jbl-clip-5-bluetooth-speaker
  183/392 MISS jbl-flip-6-portable-bluetooth-speaker
  184/392 MISS jbl-flip-7-bluetooth-speaker
  185/392 MISS jbl-flip-essential-2-bluetooth-speaker
  186/392 MISS jbl-go-3-portable-speaker
  187/392 MISS jbl-go-4-portable-bluetooth-speaker
  188/392 MISS jbl-go-5
  189/392 MISS jbl-grip
  190/392 MISS jbl-partybox-1000-powerful-bluetooth-party-speaker
  191/392 MISS jbl-partybox-310-portable-party-speaker
  192/392 MISS jbl-partybox-520-wireless-speaker
  193/392 MISS jbl-partybox-710-bluetooth-party-speaker
  194/392 MISS jbl-partybox-720
  195/392 MISS jbl-partybox-club-120-portable-bluetooth-speaker
  196/392 MISS jbl-partybox-encore-2-bluetooth-speaker
  197/392 MISS jbl-partybox-on-the-go-2-portable-speaker
  198/392 MISS jbl-partybox-stage-320-party-speaker
  199/392 MISS jbl-partybox-ultimate-bluetooth-speaker
  200/392 MISS jbl-xtreme-3-speaker
  201/392 MISS jbl-xtreme-4-portable-bluetooth-speaker
  202/392 MISS jbl-xtreme-5
  203/392 MISS jedel-s-511-speaker
  204/392 MISS jedel-s-526-speaker
  205/392 MISS jedel-s-527-speaker
  206/392 MISS jedel-s-553-speaker
  207/392 MISS jedel-s-554-speaker
  208/392 MISS jedel-s-562-soundbar
  209/392 MISS jedel-s502-speaker
  210/392 MISS krk-rokit-5-g4-5-speaker
  211/392 MISS logitech-rally-speaker
  212/392 MISS logitech-z906
  213/392 MISS microlab-b-16-speaker
  214/392 MISS microlab-b22-multimedia-gaming-speaker
  215/392 MISS microlab-b25-usb-gaming-speaker
  216/392 MISS microlab-b26-usb-gaming-speaker
  217/392 MISS microlab-b51-usb-power-speaker
  218/392 MISS microlab-b77-multimedia-speaker
  219/392 MISS microlab-cooul118bt-bluetooth-speaker
  220/392 MISS microlab-fc361bt-multimedia-bluetooth-speaker
  221/392 MISS microlab-fc570bt-multimedia-bluetooth-speaker
  222/392 MISS microlab-g100bt-rgb-multimedia-bluetooth-speaker
  223/392 MISS microlab-g101bt-gaming-bluetooth-speaker
  224/392 MISS microlab-g102bt-multimedia-speaker
  225/392 MISS microlab-g200bt-rgb-multimedia-bluetooth-speaker
  226/392 MISS microlab-ktv100-wireless-karaoke-speaker
  227/392 MISS microlab-m-106-speaker
  228/392 MISS microlab-m-106bt-2-1-bluetooth-speaker
  229/392 MISS microlab-m-111-2-1-speaker
  230/392 MISS microlab-m-600bt-bluetooth-speaker
  231/392 MISS microlab-m105bt-bluetooth-speaker
  232/392 MISS microlab-m108u-bt-multimedia-bluetooth-speaker
  233/392 MISS microlab-m109bt-multimedia-speaker
  234/392 MISS microlab-m113-multimedia-speaker
  235/392 MISS microlab-m113bt-multimedia-speaker
  236/392 MISS microlab-m200-multimedia-speaker
  237/392 MISS microlab-m280bt-multimedia-bluetooth-speaker
  238/392 MISS microlab-m300bt-bluetooth-speaker
  239/392 MISS microlab-m310bt-bluetooth-speaker
  240/392 MISS microlab-m590-speaker
  241/392 MISS microlab-m700bt-bluetooth-speaker
  242/392 MISS microlab-m800-speaker
  243/392 MISS microlab-m890bt-multimedia-3-way-speaker
  244/392 MISS microlab-pt1200w-bluetooth-party-speaker
  245/392 MISS microlab-pt601w-bluetooth-party-speaker
  246/392 MISS microlab-pt602w-bluetooth-party-speaker
  247/392 MISS microlab-rockbar-500-bluetooth-soundbar
  248/392 MISS microlab-tmn1-4-1-speaker
  249/392 MISS microlab-tmn1-bt-4-1-multimedia-bluetooth-speaker
  250/392 MISS microlab-tmn1-bt-multimedia-bluetooth-speaker
  251/392 MISS microlab-tmn1-speaker
  252/392 MISS microlab-tmn3-multimedia-speaker
  253/392 MISS microlab-tmn3bt-multimedia-bluetooth-speaker
  254/392 MISS microlab-tmn8bt-bluetooth-speaker
  255/392 MISS microlab-tmn9-bt-speaker
  256/392 MISS microlab-tmn9u-2-1-speaker
  257/392 MISS microlab-u210-bluetooth-speaker
  258/392 MISS microlab-u220bt-rgb-usb-gaming-speaker
  259/392 MISS microlab-u270-rgb-gaming-speaker
  260/392 MISS microlab-x15-speaker
  261/392 MISS microlab-x1bt-multimedia-x-series-speaker
  262/392 MISS onikuma-l1-bluetooth-soundbar
  263/392 MISS onikuma-l16-bluetooth-soundbar
  264/392 MISS onikuma-l2-gaming-speaker
  265/392 MISS onikuma-l7-bluetooth-speaker
  266/392 MISS oraimo-spacebox-max-party-speaker
  267/392 MISS perfect-g7-usb-speaker
  268/392 MISS rapoo-a110-bluetooth-soundbar
  269/392 MISS rapoo-a60-compact-stereo-speaker
  270/392 MISS rapoo-a80-compact-stereo-speaker
  271/392 MISS rapoo-a81-speaker
  272/392 MISS razer-leviathan-v2-x-sound-bar
  273/392 MISS recci-rsk-w32-soundbar
  274/392 MISS redragon-gs500-stentor-gaming-speaker
  275/392 MISS redragon-gs520-anvil-rgb-gaming-speaker
  276/392 MISS redragon-gs522-cipher-speaker
  277/392 MISS redragon-gs580-calliope-rgb-gaming-speaker
  278/392 MISS redragon-gs812-andante-wireless-gaming-speaker
  279/392 MISS redragon-ranch-gs513-gaming-speaker
  280/392 MISS samsung-hw-b650d-b-series-soundbar
  281/392 MISS samsung-hw-b650f-b-series-soundbar
  282/392 MISS samsung-hw-q600c-home-theatre-soundbar
  283/392 MISS samsung-hw-q930d-q-series-bluetooth-soundbar
  284/392 MISS samsung-hw-q930f-soundbar
  285/392 MISS samsung-hw-q990c-soundbar
  286/392 MISS samsung-hw-q990d-bluetooth-soundbar
  287/392 MISS samsung-hw-q990f-q-series-soundbar
  288/392 MISS samsung-hw-s800b-soundbar
  289/392 MISS samsung-t400-soundbar-with-built-in-subwoofer
  290/392 MISS samsung-t420-xl-wireless-soundbar
  291/392 MISS solitine-enter-se108-speaker
  292/392 MISS solitine-next-se110-speaker
  293/392 MISS solitine-value-se230-speaker
  294/392 MISS sony-gtk-pg10-wireless-party-speaker
  295/392 MISS sony-ht-ax7-portable-theatre
  296/392 MISS sony-ht-b500-soundbar
  297/392 MISS sony-ht-b600-soundbar
  298/392 MISS sony-ht-g700-soundbar
  299/392 MISS sony-ht-s100f-bluetooth-sound-bar
  300/392 MISS sony-ht-s20r-5-1ch-soundbar-home-theatre-system
  301/392 MISS sony-ht-s350-soundbar-with-subwoofer
  302/392 MISS sony-ht-s400-soundbar
  303/392 MISS sony-ht-s400-soundbar-with-subwoofer
  304/392 MISS sony-ht-s40r-soundbar-home-theater-system
  305/392 MISS sony-ht-s500rf-1000w-5-1-channel-sound-bar
  306/392 MISS sony-ht-s60-1000w-soundbar
  307/392 MISS sony-ht-s700rf-1000w-5-1-channel-sound-bar
  308/392 MISS sony-htx8500-soundbar-with-built-in-subwoofer
  309/392 MISS sony-mhc-v13-bluetooth-party-speaker
  310/392 MISS sony-mhc-v43d-bluetooth-party-speaker
  311/392 MISS sony-mhc-v83d-bluetooth-party-speaker
  312/392 MISS sony-shake-x10-speaker
  313/392 MISS sony-shake-x30d-home-speaker
  314/392 MISS sony-shake-x70d-home-speaker
  315/392 MISS sony-srs-ult1000-party-speaker
  316/392 MISS sony-srs-ult70-party-speaker
  317/392 MISS sony-srs-xp500-x-series-wireless-speaker
  318/392 MISS sony-srs-xv500-x-series-party-speaker
  319/392 MISS t-wolf-b320-wireless-sound-bar
  320/392 MISS t-wolf-s1-rgb-wired-gaming-speaker
  321/392 MISS t-wolf-s11-speaker
  322/392 MISS t-wolf-s2-dual-wired-speaker
  323/392 MISS t-wolf-s3-wired-rgb-gaming-speaker
  324/392 MISS thonet-and-vander-dunn-bluetooth-soundbar
  325/392 MISS thonet-and-vander-hoch-speaker
  326/392 MISS thonet-and-vander-kino-bluetooth-soundbar
  327/392 MISS thonet-and-vander-kugel-speaker
  328/392 MISS thonet-and-vander-rein-bluetooth-soundbar
  329/392 MISS thonet-and-vander-titan-speaker
  330/392 MISS thonet-and-vander-vertrag-speaker
  331/392 MISS xiaomi-mi-mdz-35-da-home-theater-soundbar
  332/392 MISS xo-f51-speaker-with-mic
  333/392 MISS xo-f55-20w-speaker-with-microphone
  334/392 MISS xo-f56-bluetooth-speaker
  335/392 MISS xo-f66-bluetooth-speaker
  336/392 MISS xo-f67-bluetooth-speaker
  337/392 MISS xo-f71-bluetooth-speaker
  338/392 MISS xo-f72-bluetooth-speaker
  339/392 MISS xo-f74-bluetooth-speaker
  340/392 MISS xo-f78-bluetooth-speaker
  341/392 MISS xtreme-283bu-speaker
  342/392 MISS xtreme-bolt-multimedia-speaker
  343/392 MISS xtreme-chill-multimedia-speaker
  344/392 MISS xtreme-duo-multimedia-speaker
  345/392 MISS xtreme-e121-multimedia-speaker
  346/392 MISS xtreme-e129bu-speaker
  347/392 MISS xtreme-e208bu-bluetooth-speaker
  348/392 MISS xtreme-e209u-speaker
  349/392 MISS xtreme-e275bu-speaker
  350/392 MISS xtreme-e278bu-speaker
  351/392 MISS xtreme-e365bu-speaker
  352/392 MISS xtreme-e409bu-trolley-speaker
  353/392 MISS xtreme-e522bu-bluetooth-speaker
  354/392 MISS xtreme-e600bu-bluetooth-tower-speaker
  355/392 MISS xtreme-e611bu-bluetooth-speaker
  356/392 MISS xtreme-e614bu-bluetooth-speaker
  357/392 MISS xtreme-e831bu-speaker
  358/392 MISS xtreme-falcon-bluetooth-soundbar
  359/392 MISS xtreme-flash-multimedia-speaker
  360/392 MISS xtreme-glory-bluetooth-soundbar
  361/392 MISS xtreme-harmony-multimedia-soundbar
  362/392 MISS xtreme-hero-multimedia-speaker
  363/392 MISS xtreme-infinity-bluetooth-soundbar
  364/392 MISS xtreme-joy-2-1-bluetooth-speaker
  365/392 MISS xtreme-jupiter-multimedia-speaker
  366/392 MISS xtreme-maxim-multimedia-speaker
  367/392 MISS xtreme-melody-2-1-multimedia-speaker
  368/392 MISS xtreme-phantom-multimedia-speaker
  369/392 MISS xtreme-race-bluetooth-multimedia-soundbar
  370/392 MISS xtreme-rio-multimedia-speaker
  371/392 MISS xtreme-rock-multimedia-speaker
  372/392 MISS xtreme-sargam-multimedia-speaker
  373/392 MISS xtreme-sicily-multimedia-speaker
  374/392 MISS xtreme-sparta-multimedia-speaker
  375/392 MISS xtreme-star-soundbar
  376/392 MISS xtreme-tiger-multimedia-speaker
  377/392 MISS xtreme-tms-speaker
  378/392 MISS xtreme-trio-multimedia-speaker
  379/392 MISS xtreme-tufaan-multimedia-speaker
  380/392 MISS xtreme-willow-multimedia-speaker
  381/392 MISS xtrike-me-sk-201-gaming-speaker
  382/392 MISS xtrike-me-sk-301-bluetooth-speaker
  383/392 MISS xtrike-me-sk-302-bluetooth-speaker
  384/392 MISS xtrike-me-sk-402-stereo-rgb-gaming-speaker
  385/392 MISS xtrike-me-sk-403-stereo-gaming-speaker
  386/392 MISS xtrike-me-sk-405-gaming-speaker
  387/392 MISS xtrike-me-sk-501-stereo-speaker
  388/392 MISS xtrike-me-sk-502-rgb-speaker
  389/392 MISS xtrike-me-sk-503-2-0-rgb-bluetooth-speaker
  390/392 MISS xtrike-me-sk-610-2-1-rgb-speaker
  391/392 MISS xtrike-me-sk-612-2-1-rgb-gaming-speaker
  392/392 MISS xtrike-me-sp-208bt-wireless-speaker
COMPLETED accessories/speaker-home-theater.json: 0 products, 392 unmatched
GROUP accessories/thermal-paste.json: 54 images
  1/54 MISS arctic-mx-4-4g-premium-performance-thermal-paste
  2/54 MISS arctic-mx-6-4g-ultimate-performance-thermal-paste
  3/54 MISS arctic-mx-7-thermal-paste
  4/54 MISS cooler-master-cryofuze-thermal-paste
  5/54 MISS cooler-master-cryofuze-violet-thermal-paste
  6/54 MISS cooler-master-mastergel-pro-thermal-grease
  7/54 MISS cooler-master-thermal-paste
  8/54 MISS corsair-tm30-thermal-paste
  9/54 MISS corsair-xtm50-thermal-paste
  10/54 MISS corsair-xtm70-extreme-performance-thermal-paste
  11/54 MISS deepcool-dm9-1-5g-thermal-paste
  12/54 MISS deepcool-dm9-4g-thermal-paste
  13/54 MISS deepcool-ek720-l-0-5-thermal-pad
  14/54 MISS deepcool-ek720-l-1-0-thermal-pad
  15/54 MISS deepcool-ek720-l-1-5-thermal-pad
  16/54 MISS deepcool-ek720-l-2-0-thermal-pad
  17/54 MISS deepcool-ek720-xl-0-5-thermal-pad
  18/54 MISS deepcool-ek720-xl-1-0-thermal-pad
  19/54 MISS deepcool-ek720-xl-1-5-thermal-pad
  20/54 MISS deepcool-ek720-xl-2-0-thermal-pad
  21/54 MISS deepcool-ek720-xs-1-0-thermal-pad
  22/54 MISS deepcool-ek720-xs-1-5-thermal-pad
  23/54 MISS deepcool-ex750-3g-thermal-paste
  24/54 MISS deepcool-ex750-5g-thermal-paste
  25/54 MISS deepcool-g15-thermal-paste
  26/54 MISS deepcool-z10-thermal-paste
  27/54 MISS deepcool-z3-thermal-paste
  28/54 MISS deepcool-z5-thermal-paste
  29/54 MISS gamdias-xc3-performance-thermal-paste
  30/54 MISS gamdias-xc5-thermal-paste
  31/54 MISS gamemax-tg3-thermal-paste
  32/54 MISS maxtor-ctg12-4g-thermal-paste
  33/54 MISS maxtor-ctg8-4g-thermal-paste
  34/54 MISS maxtor-ctg8-thermal-paste
  35/54 MISS noctua-nt-h2-thermal-paste
  36/54 MISS ocypus-gamma-et20-thermal-paste
  37/54 MISS ocypus-gamma-et40-thermal-paste
  38/54 MISS thermal-grizzly-aeronaut-3-9g-thermal-paste
  39/54 MISS thermal-grizzly-aeronaut-thermal-paste
  40/54 MISS thermal-grizzly-duronaut-pro-2g-thermal-paste
  41/54 MISS thermal-grizzly-duronaut-thermal-paste
  42/54 MISS thermal-grizzly-hydronaut-pro-2g-thermal-paste
  43/54 MISS thermal-grizzly-hydronaut-thermal-paste
  44/54 MISS thermal-grizzly-kryonaut-extreme-thermal-paste
  45/54 MISS thermal-grizzly-kryonaut-thermal-paste
  46/54 MISS thermal-grizzly-minus-pad-8-thermal-pad
  47/54 MISS thermal-grizzly-phasesheet-ptm-thermal-pad
  48/54 MISS thermal-grizzly-polartherm-x-8-5g-thermal-paste
  49/54 MISS thermal-grizzly-polartherm-x-8-thermal-paste
  50/54 MISS thermal-grizzly-tg-putty-advance-thermal-pads
  51/54 MISS thermal-grizzly-tg-putty-basic-thermal-pads
  52/54 MISS thermalright-tf7-2g-thermal-paste
  53/54 MISS thermalright-tf9-thermal-paste
  54/54 MISS thermaltake-tg-60-liquid-metal-thermal-paste
COMPLETED accessories/thermal-paste.json: 0 products, 54 unmatched
GROUP accessories/webcam.json: 44 images
  1/44 MISS a4-tech-pk-910h-1080p-webcam
  2/44 MISS a4tech-bloody-gk30-fhd-webcam
  3/44 MISS a4tech-pk-1000ha-uhd-4k-pro-webcam
  4/44 MISS a4tech-pk-825p-hd-webcam
  5/44 MISS a4tech-pk-910p-hd-webcam
  6/44 MISS a4tech-pk-935hl-1080p-webcam
  7/44 MISS a4tech-pk-940ha-fhd-webcam
  8/44 MISS asus-c3-webcam
  9/44 MISS asus-rog-eye-s-webcam
  10/44 MISS avermedia-bo317-conference-kit
  11/44 MISS avermedia-pw3100-webcam
  12/44 MISS avermedia-pw313-2mp-webcam
  13/44 MISS boya-by-cm6b-all-in-one-usb-microphone
  14/44 MISS elgato-facecam-neo
  15/44 MISS elgato-facecam-premium-1080p-webcam
  16/44 MISS emeet-pixy-webcam
  17/44 MISS emeet-smartcam-c60e-4k-webcam
  18/44 MISS emeet-smartcam-s600-4k-webcam
  19/44 MISS emeet-smartcam-s800-4k-webcam
  20/44 MISS fantech-luminous-c30-2k-4mp-webcam
  21/44 MISS fantech-luminous-c50-webcam
  22/44 MISS havit-hn25g-webcam
  23/44 MISS havit-hv-hn11p-1080p-webcam
  24/44 MISS havit-n5086-webcam
  25/44 MISS logitech-brio-100-full-hd-privacy-shutter-webcam
  26/44 MISS logitech-brio-300-full-hd-webcam
  27/44 MISS logitech-brio-4k-webcam
  28/44 MISS logitech-brio-500-full-hd-4mp-webcam
  29/44 MISS logitech-c920-hd-pro-webcam
  30/44 MISS logitech-c930e-webcam
  31/44 MISS logitech-mx-brio-ultra-hd-4k-webcam
  32/44 MISS logitech-webcam-c270-hd
  33/44 MISS magpie-mg-wc05nc3-webcam
  34/44 MISS optoma-sc26b-04k-ultra-hd-usb-webcam
  35/44 MISS optoma-sc26c-4k-webcam
  36/44 MISS rapoo-c200-720p-hd-webcam
  37/44 MISS rapoo-c260-usb-fhd-webcam
  38/44 MISS rapoo-c280-webcam
  39/44 MISS rapoo-c500af-4k-autofocus-webcam
  40/44 MISS redragon-gw600-fobos-720p-webcam
  41/44 MISS redragon-gw800-hitman-1080p-webcam
  42/44 MISS redragon-gw900-apex-1080p-webcam
  43/44 MISS redragon-gw910-oneshot-webcam
  44/44 MISS verbatim-1080p-webcam
COMPLETED accessories/webcam.json: 0 products, 44 unmatched
GROUP accessories/wrist-rest.json: 8 images
  1/8 MISS ajazz-block98-wrist-rest
  2/8 MISS ajazz-pu-leather-wrist-pad
  3/8 MISS asus-ac01-rog-wrist-rest
  4/8 MISS fantech-ac4101-pilo-keyboard-wristpad
  5/8 MISS fantech-ac4101m-pilo-ergonomic-keyboard-wristpad
  6/8 MISS keychron-resin-palm-rest-for-k2-k6-k6-pro-keyboard
  7/8 MISS msi-vigor-wr01-wrist-rest
  8/8 MISS redragon-p023-wrist-rest-pad
COMPLETED accessories/wrist-rest.json: 0 products, 8 unmatched
